Name,Country,Year,LinkedIn_Profile
Jiyu Shen,China,2024,
Yahia Emara,Egypt 2,2024,
Dino Hadžić,Croatia,2024,
Irmuun Chinbat,Mongolia,2024,
Francesco Vercellesi,Italy,2024,
Markos Radaios,Greece,2024,
Jelle van der Drift,Netherlands,2024,
Parsa Farjpoursarabi,Iran,2024,
Kristjan Lepp,Estonia,2024,
Nikola Vujica,Croatia,2024,
Mariza Paspalli,Cyprus,2024,
Theofanis Orfanou,Cyprus,2024,
Ahmed Gamal,Egypt,2024,
Simon Bachran,Germany,2024,
Kunthee Yongvanich,Thailand,2024,
Mina Gayed,Egypt 2,2024,
Aykhan Damirli,Azerbaijan,2024,
Noyan Cantürk,Türkiye,2024,
Miloš Milutinović,Serbia,2024,
Kang Yiming,Singapore,2024,
Arthur Lobo Leite Lopes,Brazil,2024,
Theodor Beskow,Sweden,2024,
Kaarel Toomet,Estonia,2024,
Ping-Chung Chang,Taiwan,2024,
Filipe Lalic,Brazil,2024,
Matthias Pleschinger,Austria,2024,
Raphaël Pons,France,2024,
Eduardo Carranza Vélez,Argentina,2024,
Panagiotis Paskalis,Greece,2024,
Ihnat Zharikhin,Ukraine,2024,
Maksym Shvedchenko,Germany,2024,
James Ray Bamber,Italy,2024,
Faruk Ibrahimović,Bosnia and Herzegovina,2024,
Yun-Shuo Tsao,Taiwan,2024,
Luca Baglietto,Italy,2024,
Ayman Riad Solh,Morocco,2024,
Minkyum Kim,South Africa,2024,
Trung Pham Ngoc,Vietnam,2024,
Alessandro Lombardo,Italy,2024,
Elias Bauer,Switzerland,2024,
Adavya Goyal,United Kingdom,2024,
Onolt Khurtsbilguun,Mongolia,2024,
Chenyu Lin,Netherlands,2024,
Moez Mahmoud,Egypt,2024,
Marijonas Salvijus Keturakis,Lithuania,2024,
Jakov Celin,Croatia,2024,
Mardon Hazratov,Uzbekistan,2024,
Chang Jun Lim,Malaysia,2024,
Adeeb AlShehry,Saudi Arabia,2024,
Pedro Suyama Leston Rey,Brazil,2024,
Sun Beichen,Singapore,2024,
Yaël Arn,Switzerland,2024,
Øystein Berntzen,Norway,2024,
Victor Vatn,Sweden,2024,
Gunadi Gani,Indonesia,2024,
Uroš Kostadinović,Serbia,2024,
Martin Šindelář,Slovakia,2024,
Kaleem Raza Syed,Pakistan,2024,
José Andrés Lemus Velazquez,Mexico,2024,
Sebastian Meineche Falk,Denmark,2024,
Patrik Číhal,Czech Republic,2024,
Tomas Marcinkevičius,Lithuania,2024,
Tarek Ahmed,Egypt 2,2024,
Tsovak Yegoryan,Armenia,2024,
Mihai Esanu,Moldova,2024,
Ahmed Alhashim,Saudi Arabia,2024,
Victor Coen,New Zealand,2024,
Lovro Tunjić,Croatia,2024,
Yash Thakker,India,2024,
Abdelmaged Nour,Egypt,2024,
Rareș-Felix Tudose,Romania,2024,
Baitoro Mairambekov,Kyrgyzstan,2024,
Bianca Vicente,Argentina,2024,
Nikoloz Melikishvili,Georgia,2024,
Thawin Tengamnuay,Thailand,2024,
Filbert Ephraim Wu,Philippines,2024,
Hang Chi Ng,"Macao, China",2024,
Itamar Nir,Israel,2024,
Jan Slíva,Czech Republic,2024,
Mihailo Jančević,Serbia,2024,
Jarif Rahman,Bangladesh,2024,
Muhammad Umair Ahmad Mirza,Pakistan,2024,
Akhmet Issa,Kazakhstan,2024,
Marco Antonio Escandón García,Cuba,2024,
Anton Avilov,France,2024,
Amin Charba,Syria,2024,
Hugo Bruwer,South Africa,2024,
Andrey Stefanov,Bulgaria,2024,
Lok Yin Siu,"Hong Kong, China",2024,
Raouf Ould Ali,Algeria,2024,
Yung Ho Kwan,"Hong Kong, China",2024,
Minh Pham Cong,Vietnam,2024,
Bach Hoang Xuan,Vietnam,2024,
Debojoti Das Soumya,Bangladesh,2024,
Alon Tanay,Israel,2024,
Ansis Gustavs Andersons,Latvia,2024,
Eunseong Kim,Republic of Korea,2024,
David S. Eikeland,Norway,2024,
Yuya Hirasawa,Japan,2024,
Kajetan Ramsza,Poland,2024,
Mingyu Woo,Republic of Korea,2024,
Jan Gwiazda,Poland,2024,
Daniel Koynov,Bulgaria,2024,
Po-Kai Chen,Taiwan,2024,
Damjan Davkov,North Macedonia,2024,
Jonni Haapiainen,Finland,2024,
Rohin Garg,United States of America,2024,
Heewoo Jung,Republic of Korea,2024,
Hanks Chong,United Kingdom,2024,
Yaw Chur Zhe,Singapore,2024,
Chun Wong,"Hong Kong, China",2024,
Kshitij Sodani,India,2024,
Rafał Mańczyk,Poland,2024,
Yuchong Guo,China,2024,
Kangyang Zhou,China,2024,
Adam Gąsienica-Samek,Poland,2024,
Brian Xue,United States of America,2024,
Daniel Weber,Israel,2024,
Agastya Goel,United States of America,2024,https://www.linkedin.com/in/agastya-goel-ca
Rain Jiang,United States of America,2024,https://www.linkedin.com/in/rain-jiang-69262b63
Mihai-Valeriu Voicu,Romania,2024,
Bálint Rózsa,Canada,2024,
Eliška Macáková,Slovakia,2024,
Duru Ozer,Türkiye,2024,
Ryan Bai,Canada,2024,
Shogo Amacho,Japan,2024,
István Ádám Molnár,Hungary,2024,
Katsuki Ota,Japan,2024,
Alejandro Vivero Puga,Spain,2024,
Amirali Asgari,Iran,2024,
Elazar Koren,Israel,2024,
Samuel Trajtenberg,United Kingdom,2024,
Isaac Kai Sheng Hew,Malaysia,2024,
Boris Mihov,Bulgaria,2024,
Ryotaro Hayashi,Japan,2024,
Sean Wanitchollakit,Thailand,2024,
Jakob Žorž,Slovenia,2024,
Guanhan Li,New Zealand,2024,
Pál Czanik,Hungary,2024,
Kwong Weng Loh,Malaysia,2024,
Mansur Taimas,Kazakhstan,2024,
Illia Permiakov,Ukraine,2024,
Timur Degteari,Moldova,2024,
Gagik Gevorgyan,Armenia,2024,
Kelven Nathanael,Indonesia,2024,
Anatole Bouton,France,2024,
Ian Bobrus,Kyrgyzstan,2024,
Martin Bierbaumer,Austria,2024,
Jerome Austin Te,Philippines,2024,
Jovian Soejono,Switzerland,2024,
Papangkorn Apinyanon,Thailand,2024,
Alihan Aidarbekov,Kyrgyzstan,2024,
Nemanja Majski,Serbia,2024,
Nazar Serazitdinov,Kazakhstan,2024,
Samik Goyal,India,2024,
Brian Xiao Boyang,Singapore,2024,
Oscar Fischler,France,2024,
Sushil Raaja Umasudhan,India,2024,
Min-chan Jung,Republic of Korea,2024,
Tuan Nguyen Huu,Vietnam,2024,
Veikko Heikkinen,Finland,2024,
Rareș-Andrei Neculau,Romania,2024,
Antonín Maloň,Czech Republic,2024,
Amirhossein Farkhondeh Far,Iran,2024,
Denys Tereshchenko,Ukraine,2024,
Javier Badesa Pérez,Spain,2024,
Matthew Allan,Indonesia,2024,
Amirreza Dorosti,Iran,2024,
Andrei-Paul Iorgulescu,Romania,2024,
Maxim Tsoy,Kazakhstan,2024,
Aufan Ahmad Mumtaza,Indonesia,2024,
Luotian Huang,China,2024,
Cengiz Eray Aslan,Türkiye,2024,
Andrii Smutchak,Ukraine,2024,
Berke Inan Tol,Türkiye,2024,
Vesselin Markovich,Bulgaria,2024,
Akib Azmain Turja,Bangladesh,2024,
Yi-Yu Chao,Taiwan,2024,
Hakob Ayvazyan,Armenia,2024,
Fabrizio Lautaro Brandellero,Argentina,2024,
Yassir Salama,Morocco,2024,
Mohamed Wassim Fkih,Tunisia,2024,
Edgardo León,Chile,2024,
Peter Zhou,New Zealand,2024,
Mindiya Karunasinghe,Sri Lanka,2024,
Sofija Velkovska,North Macedonia,2024,
Arthur Harri Jaakko Antila,Estonia,2024,
Erkhem Ganzorig,Mongolia,2024,
Ralf Robert Paabo,Estonia,2024,
Gabriel Alberto Cruz Nogales,Bolivia,2024,
Antero Nyberg,Finland,2024,
Raed Naseer,Jordan,2024,
Francis José Rodríguez Ronda,Cuba,2024,
Roberto Josué Polanco Hernández,El Salvador,2024,
Eva Sóllilja Einarsdóttir,Iceland,2024,
Albara Abdulhafith,Libya,2024,
Fionn Kimber O'Shea,Ireland,2024,
Oscar José Pleités Lemus,El Salvador,2024,
Miguel Pereira,Portugal,2024,
Akram Zakine,Belgium,2024,
Laura Muliar,Portugal,2024,
Edvards Freimanis,Latvia,2024,
Pierre Rouchès,Dominican Republic,2024,
Tomás Faria,Portugal,2024,
Xu Yian,South Africa,2024,
Rosangel Alexandra Bullon Linares,Peru,2024,
Sofie Fu,Sweden,2024,
Walsh Letran,Philippines,2024,
Diana Huacasi Durand,Peru,2024,
Tamir Jamiyangarav,Mongolia,2024,
Andrejs Piroženoks,Latvia,2024,
Mousa Hamed,Libya,2024,
Santiago Guaneme Quintero,Colombia,2024,
Viktor Maksimoski,North Macedonia,2024,
Matias Francisco Nova Baza,Chile,2024,
Héctor Verdeal Rodríguez,Spain,2024,
Yhlas Amanmyradov,Turkmenistan,2024,
Nebili Mohamed Fares,Tunisia,2024,
Piotr Stelmaszek,Ireland,2024,
Kristinn Hrafn Daníelsson,Iceland,2024,
Hlieb Boiarkin,Portugal,2024,
Atas Lapenas,Norway,2024,
Abdallah Sherbini,Palestine,2024,
Jesse Zhang,New Zealand,2024,
Baldwin Huang,Dominican Republic,2024,
Agustin Leonardo Arnez Alcocer,Bolivia,2024,
Didar Choganov,Turkmenistan,2024,
Arben Kryemadhi,Albania,2024,
Juan David Onofre Florián,Colombia,2024,
Raphael Le Goaller,Luxembourg,2024,
Mateo Neira,Ecuador,2024,
Andrew Batista García,Dominican Republic,2024,
Shuyang Feng,Ireland,2024,
Roberto Valverde Abad,Ecuador,2024,
Adriano Augusto Hernández Rodríguez,Dominican Republic,2024,
Ahmed Albakoush,Libya,2024,
Fadel Elsenusi,Libya,2024,
Assil Abderrezak Boukhnoufa,Algeria,2024,
Rubin Bekteshi,Albania,2024,
Mohammed Hachem,Algeria,2024,
Steven Mera,Ecuador,2024,
David Hromádka,Czech Republic,2024,
Mathías Rivera,Ecuador,2024,
Nzubechukwu Chendo,Nigeria,2024,
Belcar Santiago Cuentas-Zavala Infante,Colombia,2024,
Mohammed Cherki,Morocco,2024,
Balsa Radulovic,Montenegro,2024,
Þórhallur Tryggvason,Iceland,2024,
Samuel Leber,Germany,2024,
Shamir Leonardo Terán Mustafá,Bolivia,2024,
Hlib Zabudko,Luxembourg,2024,
Halymmuhammet Annageldyyev,Turkmenistan,2024,
Maité Morales Carreras,Cuba,2024,
Han Yang,Chile,2024,
Aleksander Emil Moltu,Norway,2024,
Simón Martínez,Colombia,2024,
Lucas Kuunders,Netherlands,2024,
Tom Philippe Roth,Luxembourg,2024,
Aybak Samiz,Jordan,2024,
Anri Esoev,Tajikistan,2024,
Francisco Pinhao,Chile,2024,
Juan José Läderach,Argentina,2024,
Malik Sadaqa,Jordan,2024,
Hojamuhammet Hydyrov,Turkmenistan,2024,
Sami Almajali,Jordan,2024,
Rubdary Valentina Rojas Linarez,Venezuela,2024,
Davit Dzadzamia,Georgia,2024,
Blendi Avdolli,Albania,2024,
Kareem Kayid,Palestine,2024,
Ursus Wigger,Switzerland,2024,
Alin Popescu,Moldova,2024,
Tamás Görömbey,Hungary,2024,
Emmanuel Buenrostro Briseño,Mexico,2024,
Blagoj Rujanoski Stojanovski,North Macedonia,2024,
Sunnatov Asilbek,Uzbekistan,2024,
Youkyum Kim,South Africa,2024,
Daniel Nieto Pérez,Spain,2024,
Antreas Knais,Cyprus,2024,
Nik Sauer,Austria,2024,
Raphael Heuchl,Austria,2024,
Sofia Maragò,Luxembourg,2024,
Essa Almousa,Saudi Arabia,2024,
Musojon Muhammadiev,Tajikistan,2024,
Noé Zech,Belgium,2024,
Daniel Ye,Canada,2024,
Daniel Holm Rasmussen,Denmark,2024,
Luka Heric,Slovenia,2024,
Mahdi Benkhadra,Morocco,2024,
Kipras Deksnys,Lithuania,2024,
Zein Alabdeen Zammar,Syria,2024,
Marian Soltan,Moldova,2024,
Abdullah Abdullah,Syria,2024,
Ziyan Wang,"Macao, China",2024,
Alban Van Vyve,Belgium,2024,
Yan Xun Khor,Malaysia,2024,
Santiago de la Torre Zamudio,Mexico,2024,
Zsombor Bata,Hungary,2024,
Fuad Garayev,Azerbaijan,2024,
Benjamin Mujkić,Bosnia and Herzegovina,2024,
Muhammad Saram,Pakistan,2024,
Tsz Chai Berton Choy,"Hong Kong, China",2024,
Hadi Suleiman,Syria,2024,
Patrik Prítrský,Slovakia,2024,
Anango Prabhat,United Kingdom,2024,
Irakli Sulamanidze,Georgia,2024,
Yuan Li,Ireland,2024,
Abdulaziz Lebiev,Kyrgyzstan,2024,
Khusanboy Mansuraliev,Uzbekistan,2024,
Logan Guerrero Díaz,Mexico,2024,
Otar Tsibadze,Georgia,2024,
Malitha Bandara,Sri Lanka,2024,
Tahir Aliyev,Azerbaijan,2024,
Aleks Grigoryan,Armenia,2024,
Yassine Ben Younes,Tunisia,2024,
Žan Pustoslemšek,Slovenia,2024,
Saad Alarifi,Saudi Arabia,2024,
Ulug'bek Rakhmatullaev,Uzbekistan,2024,
Aidas Agejevas,Lithuania,2024,
Nour Moubarak,Egypt 2,2024,
Desh Acharjee,Bangladesh,2024,
Hasani Ghulomzoda,Tajikistan,2024,
Fernando Andreé González Meléndez,El Salvador,2024,
Maxwell He,Canada,2024,
Viliam Gottweis,Slovakia,2024,
Ismail Fateen,Egypt,2024,
Io Fai Lei,"Macao, China",2024,
Adriāns Piliksers,Latvia,2024,
Boas Bakker,Netherlands,2024,
Alejandro Pineda Miranda,Peru,2024,
Niilo Mikkola,Finland,2024,
Antreas Leonidou,Cyprus,2024,
Praveen Athauda-Arachchi,Sri Lanka,2024,
Daniel Emeka-Ilozor,Nigeria,2024,
Faruk Demirović,Bosnia and Herzegovina,2024,
Pok Hong Lam,"Macao, China",2024,
Georgios-Diomedes Varvaresos,Greece,2024,
Camilo Triana Barata,Cuba,2024,
Maria Clara Fontes Silva,Brazil,2024,
Lazaros Karageorgiou,Greece,2024,
Ghulam Junaid,Pakistan,2024,
Gabee De Vera,Philippines,2024,
Mohammed Wawi,Palestine,2024,
Gustav Bille Gørtz,Denmark,2024,
Marwen El Arbi,Tunisia,2024,
Adnan Osmić,Bosnia and Herzegovina,2024,
Brest Lenarčič,Slovenia,2024,
Musharraf Shukrulloev,Tajikistan,2024,
Anastasiia Saranchina,Sweden,2024,
Shuheng Wei,Germany,2024,
Deera Wijesundara,Sri Lanka,2024,
Huseyn Aghayev,Azerbaijan,2024,
Rushdi Jallad,Palestine,2024,
Frederik Vase Haraldsson,Denmark,2024,
Joaquim Schaeverbeke,Belgium,2024,
Cagan Ahmet Yanmaz,Türkiye,2023,
Humaid Alhuthali,Saudi Arabia,2023,
Jamie Lim Jia Sin,Singapore,2023,
Luka Mosiashvili,Georgia,2023,
Sithija Abhishek Kotuwewatta,Sri Lanka,2023,
Valijonov Dilyorbek,Uzbekistan,2023,
Pablo Sáez Reyes,Spain,2023,
Daniel Murphy,Luxembourg,2023,
Lőrinc Máté,Hungary,2023,
Boldizsár Mann,Germany,2023,
Minh Nguyen Quang,Vietnam,2023,
Luka Meladze,Georgia,2023,
Samvel Abelyan,Armenia,2023,
Pakarin Leetrairong,Thailand,2023,
Mohamed Bakry,Egypt,2023,
Štěpán Mikéska,Czech Republic,2023,
Joel Gunawan,Indonesia,2023,
Rafael Nascimento Soares,Brazil,2023,
Aleksandar Gatev,Bulgaria,2023,
Filip Bojković,Serbia,2023,
Fran Babić,Croatia,2023,
Leo Varis,Finland,2023,
Mars Xiang,Canada,2023,
Chi Ho Wang,"Hong Kong, China",2023,
Tengiz Bekkoyonov,Kyrgyzstan,2023,
Chon Hou Ye,"Macao, China",2023,
Olaf Targowski,Poland,2023,
Daryna Karpenko,Ukraine,2023,
Ján Gottweis,Slovakia,2023,
Anatol Coen,New Zealand,2023,
Marcell Németh,Hungary 2,2023,
Yahia Emara,Egypt,2023,
Dilshodbek Khujaev,Uzbekistan,2023,
Théo Hollender,France,2023,
Alexandru Luchianov,Romania,2023,
Toni Brajko,Croatia,2023,
Ivan Janjić,Croatia,2023,
Darío Martínez Ramírez,Spain,2023,
Atanas Dimitrov,Bulgaria,2023,
Yahia Elhawy,Egypt,2023,
Benjamin Kleyn,South Africa,2023,
Turkhuu Batbayar,Mongolia,2023,
Teetat Thamronglak,Thailand,2023,
Farhan Ahmad,Bangladesh,2023,
Veaceslav Guzun,Moldova,2023,
Márton Németh,Hungary,2023,
Máté Fülöp,Hungary 2,2023,
Enerelt Delgerdalai,Mongolia,2023,
Zhiyi Luo,Belgium,2023,
Luna Skjernaa Mygind,Denmark,2023,
Bach Tran Xuan,Vietnam,2023,
Hibiki Nishiwaki,Japan,2023,
Evan Lin,Australia,2023,
Khoa Nguyen Ngoc Dang,Vietnam,2023,
Donghyeon Lee,Republic of Korea,2023,
Ting-Wei Chang,Taiwan,2023,
Aidar Munduzbaev,Kyrgyzstan,2023,
James Sng,Singapore,2023,
Tia Shi Wei,Singapore,2023,
Matīss Kristiņš,Latvia,2023,
Ilia Kondakov,Serbia,2023,
Alexandru-Raul Todoran,Romania,2023,
Vannes Wijaya,Indonesia,2023,
Jakob Rødal Skaar,Norway,2023,
Sanghoon Park,Republic of Korea,2023,
Yiping Liu,China,2023,
Phoebe Zhang,New Zealand,2023,
Tingqiang Xu,China,2023,
Siyuan Cheng,China,2023,
Antoni Buraczewski,Poland,2023,
Yuki Tanaka,Japan,2023,
Langrui Qi,China,2023,
Daiki Kodama,Japan,2023,
Chi Wang,Taiwan,2023,
Parsa Pordeli Behrouz,Iran,2023,
Erekle Roinishvili,United Kingdom,2023,
Austin Geng,United States of America,2023,https://www.linkedin.com/in/austin-geng-71574b217
Albert Ariel Putra,Indonesia,2023,
Fatih Solak,Türkiye,2023,
Alisa Potomkina,Ukraine,2023,
Chong Ho Hsieh,"Hong Kong, China",2023,
Finn Rudolph,Germany,2023,
Taimas Korganbayev,Kazakhstan,2023,
Shreyan Ray,India,2023,
Paras Kasmalkar,India,2023,
Miles Conway,Australia,2023,
Amirhossein Vahiditabar,Iran,2023,
Hua Zhi Vee,Malaysia,2023,
Yi-Chun Chiu,Taiwan,2023,
Innokentiy Kaurov,Spain,2023,
Yi Fung Lu,"Hong Kong, China",2023,
Tarash Dolaberidze,Georgia,2023,
Raphael Gaedtke,Germany,2023,
Martynas Šmaižys,Lithuania,2023,
Andrii Stolitnii,Ukraine,2023,
Warren Bei,Canada,2023,
Fateme Tamehri,Iran,2023,
Cassidy Kyler Tan,Philippines,2023,
Benjamin Swart,Czech Republic,2023,
Victor Vorona,Moldova,2023,
Thang Nguyen Duc,Vietnam,2023,
Jerry Zirui Li,Australia,2023,
Bernát Tarján,Hungary 2,2023,
Johann Gaulke,Germany,2023,
Sungho Lee,Republic of Korea,2023,
Charles Dai,France,2023,
Leonardo Valente Nascimento,Brazil,2023,
Ditbul Ban,Republic of Korea,2023,
Luca Perju Verzotti,Romania,2023,
Andrei-Robert Ion,Romania,2023,
Soheil Mohammadkhani,Iran,2023,
Nedas Bolevičius,Lithuania,2023,
Brian Gabriel Guzmán Navarrete,Ecuador,2023,
Ellinor Klara Åhlander,Sweden,2023,
Matias Felipe Oteiza Vargas,Chile,2023,
Mouad Oujout,Morocco,2023,
Akram El Omrani,Morocco,2023,
Juri Aljohani,Saudi Arabia,2023,
Mikhail Skvortsov,Belgium,2023,
Minindu Jayasekara,Sri Lanka,2023,
Yong Li Neo,Malaysia,2023,
Aleksander Karpov,Estonia,2023,
Emil Riedeman,Netherlands,2023,
Kadyr Amangylyjov,Turkmenistan,2023,
Nejc Mozetič,Slovenia,2023,
Mohammed Zaid,Palestine,2023,
Kirill Zolotuskiy,Iceland,2023,
Angie Alcantara,Peru,2023,
Alier Sanchez y Sanchez,Mexico,2023,
Luis Barbosa,Portugal,2023,
Vadym Kazmin,Luxembourg,2023,
Diego Emilio Rebollo García,Chile,2023,
Muhammad Shah Khan,South Africa,2023,
Chi Ho Zheng,"Macao, China",2023,
Marko Petrovic,Montenegro,2023,
Khishigdemberel Bayarkhuu,Mongolia,2023,
Panagiotis Liampas,Greece,2023,
Gustas Mickus,Lithuania,2023,
Anni Tapionlinna,Finland,2023,
Jesus Alejandro Duarte Bruzual,Venezuela,2023,
Luka Kankaraš,Montenegro,2023,
Muhammad Saad,Jordan,2023,
Raimond Vargas Hernandez,Dominican Republic,2023,
Matias Jimenez Alcocer,Bolivia,2023,
Josué Arístides Melendez Alemán,El Salvador,2023,
Juan Diego Marcano Cuellar,Venezuela,2023,
Alan Adzagic,Montenegro,2023,
Diana Lantigua Bello,Dominican Republic,2023,
Diego Enrique Uzcategui Ojeda,Venezuela,2023,
Leandro Parada,Chile,2023,
Mohammed Atalah,Palestine,2023,
Jurabekov Otabek,Uzbekistan,2023,
Hans Gustav Kõljalg,Estonia,2023,
Kevin Akkermann,Estonia,2023,
Shithila Mahabaduge,Sri Lanka,2023,
Alen Avdibegović,Bosnia and Herzegovina,2023,
Hamlet Petrosyan,Armenia,2023,
Mohammed Amine Moutahid,Morocco,2023,
Juan Camilo Almanza Gamarra,Colombia,2023,
Thanh-Viêt Jean Nguyen,Luxembourg,2023,
César Esaú Flores Martínez,El Salvador,2023,
Ibrokhim Mukhamadov,Tajikistan,2023,
Mateo Rivera De La Cueva,Ecuador,2023,
Róbert Kristian Freysson,Iceland,2023,
Zaid Hanandeh,Jordan,2023,
Martin Belluš,Slovakia,2023,
Fidan Huseynova,Azerbaijan,2023,
Bendegúz Péter Vámosi,Hungary 2,2023,
Arthur Wenqi Sun,Australia,2023,
Demetris Chrysostomou,Cyprus,2023,
John Lloyd Allas,Philippines,2023,
Van Li,Kazakhstan,2023,
Amir El Arbi,Tunisia,2023,
Pattarakorn Sutthajunya,Thailand,2023,
Poonyapat Sriroth,Thailand,2023,
Mohammad Wael Al Zaiback,Syria,2023,
Marko Petrov,North Macedonia,2023,
Mohamed Ali Saidane,Tunisia,2023,
Angelo Farfan Ore,Peru,2023,
Jonathon Sun,New Zealand,2023,
Gilberto Rodrigo Pierre Gosset Gonzales,Bolivia,2023,
Isaac Lee,Ireland,2023,
Mansur Mamadakhunov,Kazakhstan,2023,
Josia John,Switzerland,2023,
Lara Semeš,Croatia,2023,
Sahib Aliyev,Azerbaijan,2023,
Alexandru Andrei,Moldova,2023,
Yuval Vaknin,Israel,2023,
Benedikt Vilji Magnússon,Iceland,2023,
Egor Georgievskii,Montenegro,2023,
Admir Zatega,Bosnia and Herzegovina,2023,
Bor Brudar,Slovenia,2023,
Bernard Ibrahimcha,Syria,2023,
Jasmin Studer,Switzerland,2023,
Ayushi Mahajan,Ireland,2023,
Miguel Sáenz,Colombia,2023,
Ariel Fideleff,Argentina,2023,
Tiago Sousa,Portugal,2023,
Florian Siebenförcher,Austria,2023,
Ronan Legros,France,2023,
Valters Kalniņš,Latvia,2023,
Nicolai Robinson,Denmark,2023,
Khizri Sakhrayev,Azerbaijan,2023,
Orazmuhammet Begenjov,Turkmenistan,2023,
Jakob Kapelari,Austria,2023,
Alejandro Ozymandias Cepeda Beltran,Mexico,2023,
Ivan Zanov,North Macedonia,2023,
Cynthia Naely López Estrada,Mexico,2023,
Jamshed Rahimov,Tajikistan,2023,
Erik Hedin,Sweden,2023,
Linus Lüchinger,Switzerland,2023,
Jorge Sebastián Reyes Canul,Mexico,2023,
Liudas Staniulis,Lithuania,2023,
Adrian Dobbe Flemmen,Norway,2023,
Erik Ježek,Czech Republic,2023,
Taher Ben Jabria,Tunisia,2023,
Jeroen Krijgsman,Netherlands,2023,
Jakub Konc,Slovakia,2023,
Julián Máximo Cabrera,Argentina,2023,
Elia Soldati,Italy,2023,
William Rijksen,Netherlands,2023,
Abrar Al Samit Araf,Bangladesh,2023,
Md Nafis Ul Haque Shifat,Bangladesh,2022,
Shao Qian Chew,Malaysia,2022,
Matthew Allan,Indonesia 2,2022,
Juan Carlo Vieri,Indonesia,2022,
Raphael Dylan Dalida,Philippines,2022,
Valerio Stancanelli,Italy,2022,
Pedro Shinzato Chen,Brazil,2022,
Davide Bartoli,Italy,2022,
Joel Au Heng Hoi,Singapore,2022,
Jeremiasz Preiss,Poland,2022,
Wai Lok Lai,"Hong Kong, China",2022,
Frederick Ivan Tan,Philippines,2022,
Ritul Kumar Singh,India,2022,
Marko Tanevski,North Macedonia,2022,
Tong Sam Zheng,"Macao, China",2022,
Andrew,Indonesia 2,2022,
Yusuf Onur Usumez,Türkiye,2022,
Maximilliano Utomo Quok,Indonesia,2022,
David Memarnishvili,Georgia,2022,
Martin Kopchev,Bulgaria,2022,
Albert Ariel Putra,Indonesia 2,2022,
Andon Todorov,Bulgaria,2022,
Arayi Khalatyan,Armenia,2022,
Krit Suwanpaiboon,Thailand,2022,
Olle Lapidus,Sweden,2022,
Bat-Erdene Batsukh,Mongolia,2022,
Said Nasibov,Azerbaijan,2022,
Rolly Mamani,Peru,2022,
Haris Imamovic,Bosnia and Herzegovina,2022,
Abdulaziz Alshibli,Saudi Arabia,2022,
Sergio Domínguez Alonso,Spain,2022,
Hazem Dalati,Syria,2022,
Daniel Skýpala,Czech Republic,2022,
Matej Vojvodić,Croatia,2022,
Harshin Posina,India,2022,
Victor Purice,Moldova,2022,
Francesco Lugli,Italy,2022,
Thor Eriksen,Denmark,2022,
Teo Kitanovski,North Macedonia,2022,
Leandro Conte,Germany,2022,
Nicola Abusaad,Palestine,2022,
Shakhrom Aminov,Tajikistan,2022,
Gurbanberdi Gulladyyev,Turkmenistan,2022,
Daniyar Beishekeev,Kyrgyzstan,2022,
Hau Ye Heng,Malaysia,2022,
Nicholas Grace,New Zealand,2022,
Jangar Enkhbaatar,Mongolia,2022,
Edward Xiao,Canada,2022,
Man Tsung Yeung,"Hong Kong, China",2022,
Younguk Jo,Republic of Korea,2022,
Benjamin Bajd,Slovenia,2022,
Hsin-Wei Hou,Taiwan,2022,
Kacper Paciorek,Poland,2022,
Allen Pei,Canada,2022,
Taehwan Jang,Republic of Korea,2022,
Jan Strzeszyński,Poland,2022,
Blagojche Pavleski,North Macedonia,2022,
Cheng U Ian,"Macao, China",2022,
Yui Tamura,Japan,2022,
Benjamin Chen,United States of America,2022,https://www.linkedin.com/in/benjamin-chen-939400292
Daan de Groot,Netherlands,2022,
Timothy Feng,United States of America,2022,https://www.linkedin.com/in/timmyfeng
Jiangqi Dai,China,2022,
Shaoxuan Tang,China,2022,
Hangrui Zhou,China,2022,
Junkai Zhang,China,2022,
Hankai Zhang,United States of America,2022,https://www.linkedin.com/in/sam-zhang-b6a325279
Zixiang Zhou,Canada,2022,
Roman Yanushevskyi,Ukraine,2022,
Koosha Moosavi,Iran,2022,
Patrick Pavić,Croatia,2022,
Alireza Kaviani,Iran,2022,
Dorijan Lendvaj,Croatia,2022,
Oleh Naver,Ukraine,2022,
Ashley Aragorn Khoo,Singapore,2022,
Yuto Watanabe,Japan,2022,
Elliot En-Yi Liu,Taiwan,2022,
Manuel Darío Oliver Ballesteros,Cuba,2022,
Alireza Samimi,Iran,2022,
Michał Stawarz,Poland,2022,
Zhambyl Maksotov,Kazakhstan,2022,
Daniel Toh Jing En,Singapore,2022,
Filippo Casarin,Italy,2022,
Yunus Taha Bingül,Türkiye,2022,
Nghia Le Huu,Vietnam,2022,
Deyan Hadzhi-Manich,Bulgaria,2022,
Bao Truong Van Quoc,Vietnam,2022,
Vannes Wijaya,Indonesia 2,2022,
Jhao-Syun Lai,Taiwan,2022,
Aldas Lenkšas,Lithuania,2022,
Joseph Oliver Lim,Indonesia,2022,
Carolina Moura,Brazil,2022,
Ketevan Tsimakuridze,Georgia,2022,
Mukhammadarif Sakhmoldin,Kazakhstan,2022,
François Vogel,France,2022,
Khoi Duong Minh,Vietnam,2022,
Mateja Vukelić,Serbia,2022,
Che Liu,Taiwan,2022,
Lucas Schwebler,Germany,2022,
Jovan Bengin,Serbia,2022,
Tan Si Jie,Singapore,2022,
Andy van Horssen,Netherlands,2022,
Eitan Elbaum,Israel,2022,
Vladyslav Denysiuk,Ukraine,2022,
Alperen Tupurtu,Türkiye,2022,
Albert Yulius Ramahalim,Indonesia,2022,
Joshua Chen,Australia,2022,
Henrik Aalto,Finland,2022,
Malte Rosenkilde,Denmark,2022,
Benjamin Faltin,Ireland,2022,
Roba Katout,Palestine,2022,
Chirath Nirodha,Sri Lanka,2022,
Marcelo Lemus,Chile,2022,
Panagiotis Chatzikostas,Cyprus,2022,
Emmanuel Rassou,South Africa,2022,
Moyinoluwa David Orimoloye,Nigeria,2022,
Thomas Riedle,Austria,2022,
Elias Simojoki,Finland,2022,
Abdulmohsen Mohammedsaleh,Saudi Arabia,2022,
Alejandro Castro,Bolivia,2022,
Jona Bedaux,Netherlands,2022,
Toni Škrijelj,Serbia,2022,
Joris Pevcevičius,Lithuania,2022,
Jair Rafael Santana Benzan,Dominican Republic,2022,
Svyatoslav Kim,Uzbekistan,2022,
Voris Rahimov,Tajikistan,2022,
Hok Fong Wong,"Macao, China",2022,
Daner Zein Tonconi Mendoza,Bolivia,2022,
Krišjānis Petručeņa,Latvia,2022,
Angelo Torres,Peru,2022,
John Mauris López Ramos,Cuba,2022,
Diego Arias,Chile,2022,
Ahmad Moursi,Egypt,2022,
Sohaib Sawalha,Palestine,2022,
Olaf Herman,Netherlands,2022,
Ruadhán Mac Giolla Phádraig,Ireland,2022,
Rejepmyrat Shemsetdinov,Turkmenistan,2022,
Juan Ignacio Cantarella,Argentina,2022,
Apiram Rajamohan,Sri Lanka,2022,
Jeremías Figueiredo Paschmann,Argentina,2022,
Andreas Rasvanis,Greece,2022,
Cristofer Adonis Vásquez Estrada,El Salvador,2022,
Kenna Nemera,South Africa,2022,
Emira Ibrahimovic,Bosnia and Herzegovina,2022,
Adam Hustava,Luxembourg,2022,
Mauricio Bacca Peña,Colombia,2022,
Daniel Francisco Hello Puccini,Colombia,2022,
Ayomipe Treasure Moyinlorun,Nigeria,2022,
Jahir Manuel Cajas Toapanta,Ecuador,2022,
Michael Poveda,Ecuador,2022,
Ojas Gulati,United Kingdom,2022,
Omar Afandi,Azerbaijan,2022,
Joseph Achimugu,Nigeria,2022,
Soufien El Mazlouzi,Morocco,2022,
Thomas Wachter,Austria,2022,
Kiara González,Colombia,2022,
Bryan Mauricio,Peru,2022,
Pierre Roth,Luxembourg,2022,
Alex Blanchard,Chile,2022,
Einar Andri Víðisson,Iceland,2022,
Ernesto David Serize Portela,Cuba,2022,
Sokratis Iliadis,Greece,2022,
Lucas Hernán Tarche,Argentina,2022,
Peeter Aleksander Randla,Estonia,2022,
Zalan Varga,New Zealand,2022,
Amine Oueslati,Tunisia,2022,
Petar Vitorac,Belgium,2022,
Christos Falas,Cyprus,2022,
Nabil Boudra,Morocco,2022,
Vladislav Morozov,Belgium,2022,
Jakub Drobný,Slovakia,2022,
Tiago Marques,Portugal,2022,
Ariya Hemmati,Iran,2022,
Matija Likar,Slovenia,2022,
Niklas Leinert,Germany,2022,
Talant Diykanbaev,Kyrgyzstan,2022,
Salman Elgamal,Egypt,2022,
Pitakpong Kapincharanont,Thailand,2022,
Lorenzo Ferrari,Denmark,2022,
Alberto Leyva Guerra,Cuba,2022,
Alice Tosel,France,2022,
Marko Tsengov,Estonia,2022,
Pieterjan Vandecasteele,Belgium,2022,
Augustinas Jučas,Lithuania,2022,
Elias Lolck,Denmark,2022,
George Chkhaidze,Georgia,2022,
Lukáš Tomoszek,Czech Republic,2022,
Jonas Elvedal Hole,Norway,2022,
Yann Viegas,France,2022,
Kamanun Maneesri,Thailand,2022,
Toby Collins,United Kingdom,2022,
Lukas Münzel,Switzerland,2022,
José Manuel Cabrera Guardado,El Salvador,2022,
Jorge Costa,Portugal,2022,
Qiushi Chen,New Zealand,2022,
Juan Pablo Amezcua González,Mexico,2022,
Ulises López Pacholczak,Argentina,2022,
Kregor Ööbik,Estonia,2022,
Väinö Mäkelä,Finland,2022,
Almothana Alzahrani,Saudi Arabia,2022,
Diego Fernando Ortiz Tepedino,Venezuela,2022,
Hedi Chehaidar,Tunisia,2022,
Dilshod Imomov,Tajikistan,2022,
Antwan Dabbous,Syria,2022,
Robert Jaworski,Czech Republic,2022,
Mok Wattanasopon,Thailand,2022,
Manuel Torres Cid,Spain,2022,
Belgutei Byambadorj,Mongolia,2022,
Alexander Wahlsten,Sweden,2022,
Hugo Domínguez Santana,Spain,2022,
Olivia Tennisberg,Estonia,2022,
Altair Ashurov,Kazakhstan,2021,
Modestas Gujis,Lithuania,2021,
Domen Hočevar,Slovenia,2021,
Artur Aidarov,Kyrgyzstan,2021,
Viktor Fukala,Czech Republic,2021,
Mansur Mukimbekov,Kazakhstan,2021,
Ondřej Sladký,Czech Republic,2021,
Justin Cahuzac,France,2021,
Krešimir Nežmah,Croatia,2021,
Islam Davletov,Kyrgyzstan,2021,
Olcay Oransoy,Türkiye,2021,
Aleksandar Višnjić,Serbia,2021,
Vincent Dela Cruz,Philippines,2021,
Fares Basuni,Saudi Arabia,2021,
Andrei Kastsiany,Belarus,2021,
Aziz Huseynov,Azerbaijan,2021,
James King,Australia,2021,
Yoav Katz,Israel,2021,
Thomas Guo,Canada,2021,
Marc Strufe,Germany,2021,
Emil Kostanyan,Armenia,2021,
Yue Chen Li,Singapore 2,2021,
Andres Alumets,Estonia,2021,
Dzianis Lahunou,Belarus,2021,
Magnus Hegdahl,Norway,2021,
Charalampos Georgiou,Cyprus,2021,
Pranjal Srivastava,India,2021,
Wesam Naseer,Jordan,2021,
Dovydas Vadišius,Lithuania,2021,
James Tan,United Kingdom,2021,
Arman Ferdous,Bangladesh,2021,
Rumen Mihov,Bulgaria,2021,
Ilya Kuchynski,Belarus,2021,
Mohammad Nour Massri,Syria,2021,
Hazem Issa,Egypt,2021,
Péter Varga,Hungary,2021,
Ignacio Muñoz,Chile,2021,
Saleh Pourabbasi,Germany,2021,
Suneet Mahajan,Ireland,2021,
Kornél Szabó,Hungary,2021,
Andi Qu,South Africa,2021,
Mircea Donciu,Romania,2021,
Osama Alkhodairy,Egypt,2021,
Kanin Suphap,Thailand,2021,
Oisin Davey,Ireland,2021,
Giorgi Nadareishvili,Georgia,2021,
Antoni Pilat,United Kingdom,2021,
Lior Yehezkely,Israel,2021,
Herman Lauenstein,Sweden,2021,
Haoxiang Yu,China,2021,
Lingrui Xie,"Hong Kong, China",2021,
Bartłomiej Czarkowski,Poland,2021,
Shen Xing Yang,Singapore,2021,
Timofei Fedoseev,Russia,2021,
Jiří Kalvoda,Czech Republic,2021,
Ping-Hsuan Lin,Taiwan,2021,
Pikatan Arya Bramajati,Indonesia,2021,
Junhyuk Song,Republic of Korea,2021,
Andrii Kovryhin,Ukraine,2021,
Ali Safary,Iran,2021,
Ali Shahali,Iran,2021,
Chen-Kai Chang,Taiwan,2021,
Phat Ho Ngoc Vinh,Vietnam,2021,
Joël Huber,Switzerland,2021,
Alireza Keshavarz Hedayati,Iran,2021,
Mikhail Budnikov,Russia,2021,
Mingyang Deng,China,2021,
Yi Qian,China,2021,
Chenxin Dai,China,2021,
Ryomei Sugai,Japan,2021,
Harris Leung,"Hong Kong, China",2021,
Egor Lifar,Russia,2021,
Matej Urban,Slovakia,2021,
Siyong Huang,United States of America,2021,https://www.linkedin.com/in/siyong-huang-59a264221
Marco Meijer,Netherlands,2021,
Ioan Popescu,Romania,2021,
Christopher Trevisan,Canada,2021,
Gellért Tóth,Hungary,2021,
Vu Nguyen Hoang,Vietnam,2021,
Kostiantyn Savchuk,Ukraine,2021,
Mamnoon Siam,Bangladesh,2021,
Vito Anić,Croatia,2021,
Yan Matheus Tavares e Silva,Brazil,2021,
Luiz Henrique Yuji Delgado Oda,Brazil,2021,
Stanislau Damasevich,Belarus,2021,
Edbert Geraldy Cangdinata,Indonesia,2021,
Yanir Edri,Israel,2021,
Lim Rui Yuan,Singapore 2,2021,
Tiberiu-Ioan Mușat,Romania,2021,
Tommaso Dossi,Italy,2021,
Gonen Gazit,Israel,2021,
Juho Röyskö,Finland,2021,
Aleksandr Abelyan,Armenia,2021,
Huy Le Quang,Vietnam,2021,
Ege Kabasakaloglu,Türkiye,2021,
Muhammadjon Hokimiyon,Tajikistan,2021,
Richard Qi,United States of America,2021,https://www.linkedin.com/in/rqi3
Rintaro Matsuo,Japan,2021,
Seohyun Choi,Republic of Korea,2021,
Danila Usachev,Russia,2021,
Udit Sanghi,India,2021,
Tan Yi Kai,Singapore,2021,
Viktor Kozhuharov,Bulgaria,2021,
Nyamdavaa Amar,Mongolia,2021,
Nicholas Patrick,Indonesia,2021,
Adam Rajský,Slovakia,2021,
Rama Aryasuta Pangestu,Indonesia,2021,
James Sng,Singapore 2,2021,
Papon Lapate,Thailand,2021,
Filip Dosljak,Montenegro,2021,
Francisco Javier Molina Tirado,Venezuela,2021,
Ani Khachatryan,Armenia,2021,
Lakshith Nishshanke,Sri Lanka,2021,
Carlos Rolando Morell Rodríguez,Cuba,2021,
Daniel Birn,Denmark,2021,
Luis Sebastian Galán,Denmark,2021,
Magdaléna Mišinová,Czech Republic,2021,
Juho Arala,Finland,2021,
Oscar Garries Urbina,Spain,2021,
Rafael Dux,Luxembourg,2021,
Asliddin Ismoilov,Uzbekistan,2021,
Mohamed Benomar El Mdeghri,Morocco,2021,
Aymane Moutei,Morocco,2021,
Tobias Klinger,Austria,2021,
Vu Khoi Pham,Netherlands,2021,
Marco Andrés Cusicanqui León,Bolivia,2021,
Sherzod Sobirov,Tajikistan,2021,
Andreas Alberg,Norway,2021,
Magnus Eide-Fredriksen,Norway,2021,
Faran Steenkamp,South Africa,2021,
Muhammetali Ashyrmuhammedov,Turkmenistan,2021,
Alejandro Jose Malla Martinez,Dominican Republic,2021,
António Neves,Portugal,2021,
Jean Weight,South Africa,2021,
Benjamin Murray,Ireland,2021,
Brent Butkow,South Africa,2021,
Chun Ioi Chan,"Macao, China",2021,
Elvar Árni Bjarnason,Iceland,2021,
Iraira Rivera,Dominican Republic,2021,
Magsut Yangabayev,Uzbekistan,2021,
Divanny Perez,Dominican Republic,2021,
Benedict Ukwenya,Nigeria,2021,
Daniel Soboński,Poland,2021,
Daniel Smolders,Belgium,2021,
Andrés David Carranza Moreno,Colombia,2021,
Dovran Akmyradov,Turkmenistan,2021,
Samúel Arnar Hafsteinsson,Iceland,2021,
Joan Cintas Navarro,Spain,2021,
Noor Al-Shamayleh,Jordan,2021,
Abdullah Zaghmout,Sweden,2021,
Gabriela Lourdes Rodríguez Parada,El Salvador,2021,
Alvaro Bacca,Colombia,2021,
Bokis Dimitrios,Greece,2021,
Jovan Kascelan,Montenegro,2021,
Bernat Pagès Vives,Spain,2021,
Dilshodbek Khujaqulov,Uzbekistan,2021,
Ema Skottova,Switzerland,2021,
Jaagup Tamme,Estonia,2021,
Pedro Costa,Portugal,2021,
Víctor Armando Jaramillo Moreno,Mexico,2021,
Bilguudei Shinezul,Mongolia,2021,
Alain David Escarrá García,Cuba,2021,
Ali Mansour,Syria,2021,
Mihai Spinei,Moldova,2021,
Steven Reyes,Philippines,2021,
Suleyman Atayev,Turkmenistan,2021,
Aditya Jain,India,2021,
Benjamin Smith,New Zealand,2021,
Archil Basadzishvili,Georgia,2021,
Maksym Tur,Ukraine,2021,
Je Qin Chooi,Malaysia,2021,
Bumjun Kim,Germany,2021,
Amin Jalilov,Azerbaijan,2021,
Andrej Shekerov,North Macedonia,2021,
José Ángel Cázares Torres,Mexico,2021,
Sebastian Schulze,Austria,2021,
Lan Sevčnikar,Slovenia,2021,
Alberts Reisons,Switzerland,2021,
Yaw Chur Zhe,Singapore 2,2021,
Stanislav Brega,Moldova,2021,
Matija Delic,Montenegro,2021,
Thitrin Sastarasadhit,Thailand,2021,
Artis Vijups,Latvia,2021,
Louay Farah,Tunisia,2021,
Prem Jagadeesh,Luxembourg,2021,
Christoffer Tryggestad,Norway,2021,
Benedek Szilvasy,United Kingdom,2021,
Fernanda Sarahy Mancilla Núñez,Mexico,2021,
Mohammed Alsaad,Saudi Arabia,2021,
Joaquín Pablo Cruz,Argentina,2021,
Beshr Islam Bouli,Syria,2021,
Amine Trabelsi,Tunisia,2021,
Giorgi Kobakhia,Georgia,2021,
Azimjon Urinov,Uzbekistan,2021,
Emin Orujov,Azerbaijan,2021,
Brynly Mitchell,Australia,2021,
Matías Ezequiel Raimundez,Argentina,2021,
Nicolas Mateo Valdivia Viscarra,Bolivia,2021,
Lorenzo Conti,Germany,2020,
Pontakorn Prasertsuk,Thailand,2020,
Humberto Yusta Gómez,Cuba,2020,
Krittitee Ratchanan,Thailand,2020,
Héctor Fernando Ricárdez Lara,Mexico,2020,
Pedro Dias,Portugal,2020,
George Alexandru Râpeanu,Romania,2020,
Dzintars Klušs,Latvia,2020,
Isaiah Iliffe,Australia,2020,
Alessandro Bortolin,Italy,2020,
Mohamed ElKhatri,Morocco,2020,
Atakan Yasar,Türkiye,2020,
Aaron Naidu,South Africa,2020,
Murad Eynizada,Azerbaijan,2020,
Abutalib Namazov,Azerbaijan,2020,
Tobias Feigenwinter,Switzerland,2020,
Sven Meyer,France,2020,
Dasco Gabriel,Indonesia,2020,
Andrej Velichkovski,North Macedonia,2020,
Jonáš Havelka,Czech Republic,2020,
Kevin Lee,United Kingdom,2020,
Oscar Balcells Obeso,Spain,2020,
Víctor Conchello Vendrell,Spain,2020,
Marijn Adriaanse,Netherlands,2020,
Parassat Kyzyrkanov,Kazakhstan,2020,
Thomas Bosch,Netherlands,2020,
Rui Wang,Portugal,2020,
Mladen Puzić,Serbia,2020,
Matej Hanus,Slovakia,2020,
Jegors Baļzins,Latvia,2020,
Ahmet Atilla Ak,Türkiye,2020,
Oscar Sierra,Colombia,2020,
Bernardus Wessels,South Africa,2020,
Timur Ratnikov,Kazakhstan,2020,
William Bille Meyling,Denmark,2020,
Nodir Bobiev,Tajikistan,2020,
Yasmine Briefs,Germany,2020,
Daniel Fendrich,Austria,2020,
Ahmad Haidar,Syria,2020,
Willian Wang,Brazil,2020,
Hei Chit Cheng,"Hong Kong, China",2020,
Andrei Daletski,Belarus,2020,
Stoyan Malinin,Bulgaria,2020,
Jakob Schrader,Slovenia,2020,
Christian Bertram,Denmark,2020,
Unto Karila,Finland,2020,
Tasmeem Reza,Bangladesh,2020,
Andrei Mishchanka,Belarus,2020,
Tomasz Nowak,Poland,2020,
Euan Ong,United Kingdom,2020,
Roope Salmi,Finland,2020,
Khaleel Al-Adhami,Jordan,2020,
Rokas Urbonas,Lithuania,2020,
Daniel Toh Jing En,Singapore 2,2020,
Ivan Solovyev,New Zealand,2020,
Áron Noszály,Hungary,2020,
Jozef Fülöp,Slovakia,2020,
Nándor Nagy,Hungary,2020,
Georgi Petkov,Bulgaria,2020,
Benson Zhan Li Lin,Singapore,2020,
Samvel Andreasyan,Armenia,2020,
Shen Xing Yang,Singapore 2,2020,
Daniel Zhenghao Choo,Singapore,2020,
Rajarshi Basu,India,2020,
Oscar Jocqué,Belgium,2020,
Balázs Tóth,Hungary,2020,
Adriel Tan Jean Ren,Singapore 2,2020,
Yaraslau Barysau,Belarus,2020,
Dan Baterisna,Philippines,2020,
Thanh Tran Quang,Vietnam,2020,
Sirawit Pongnakintr,Thailand,2020,
Rezwan Arefin,Bangladesh,2020,
Pavel Sankin,Belarus,2020,
Luka Mushkudiani,Georgia,2020,
Dion Stephan Ong,Philippines,2020,
Kārlis Šusters,Latvia,2020,
Anastasios Panagopoulos,Greece,2020,
Pimrak Apiratchatanont,Thailand,2020,
Junhua Chen,Australia,2020,
Javier Nistal Salas,Spain,2020,
Aron Thomas,United Kingdom,2020,
Rémy Kimbrough,France,2020,
Ka Hei Wai,"Hong Kong, China",2020,
Martin Josip Kocijan,Croatia,2020,
Gustav Kalander,Sweden,2020,
Shashwat Chandra,India,2020,
Quang Ong,Australia,2020,
Inbar Wald,Israel,2020,
Roger Danilo Enriquez Corrales,Bolivia,2020,
Luciano Massa,Chile,2020,
Juan Martínez,Colombia,2020,
Athanasios Taprantzis,Greece,2020,
Luis Andrés Aseguinolaza,Argentina,2020,
Moritz Strobl,Austria,2020,
Mohammad Alwarawreh,Jordan,2020,
Jeroen op de Beek,Netherlands,2020,
Zhiyuan Qi,New Zealand,2020,
Omar Besbes,Tunisia,2020,
Hoi Wan Li,"Macao, China",2020,
Jarod Differdange,Luxembourg,2020,
Thithiesha Mahabaduge,Sri Lanka,2020,
Duarte Nóbrega,Portugal,2020,
Jérôme Mayolet,Belgium,2020,
Yan Yevzman,Uzbekistan,2020,
Khangal Battur,Mongolia,2020,
Raya Abualjamal,Saudi Arabia,2020,
Panagiotis Chatzimichos,Greece,2020,
Jose Alberto Copas Lima,Bolivia,2020,
Adegoke Salako,Nigeria,2020,
Juan Rios,Colombia,2020,
Maqsud Baxriddinov,Uzbekistan,2020,
Noor Al-Bzour,Jordan,2020,
Godson Ajodo,Nigeria,2020,
Ana Paula De Sousa Martin,Venezuela,2020,
Gabriel Alejandro Mendez Junor,Venezuela,2020,
Raffaël Marth,Luxembourg,2020,
Harvey Brezina Conniffe,Ireland,2020,
Adam Kelly,Ireland,2020,
Jorge Bravo,Chile,2020,
Alexandre Fouquet,Luxembourg,2020,
Elliot Jose Larez Inaudi,Venezuela,2020,
Dionicio Sebastian Elías,Dominican Republic,2020,
Alen Hodzic,Bosnia and Herzegovina,2020,
Toirov Sadi,Tajikistan,2020,
Ricardo Antunes,Portugal,2020,
Mathias Presthagen,Norway,2020,
Elyes Chaabouni,Tunisia,2020,
Philip Aji,Syria,2020,
Loke Gustafsson,Sweden,2020,
Leonardo Daniel Artiles Montero,Cuba,2020,
Grégoire Le Corre,France,2020,
Lucia Krajčoviechová,Slovakia,2020,
Blanca Huergo Muñoz,Spain,2020,
Kenneth Yong,Malaysia,2020,
Igor Brito Andrade,Brazil,2020,
Sebastián Mestre,Argentina,2020,
Shabdan Batyrkulov,Kyrgyzstan,2020,
Furkan Cebe,Türkiye,2020,
Maayan Levy,New Zealand,2020,
Markus Mathiasen,Denmark,2020,
Ibrahim Taghizade,Azerbaijan,2020,
Omurbek Dzhamalov,Kyrgyzstan,2020,
Basil Hijaz,Palestine,2020,
Niklas Sandén,Sweden,2020,
Mohammad Milhem,Palestine,2020,
Vicente Opazo,Chile,2020,
Konstantinos Tziapouras,Cyprus,2020,
Badrangiikh Bat-Orgil,Mongolia,2020,
Giovanni Gaio,Iceland,2020,
Steven Chua,Philippines,2020,
Gabriel Ricardo Rodriguez Castillo,Mexico,2020,
Karel Chwistek,Czech Republic,2020,
Jonas Meier,Switzerland,2020,
José Rodrigo Santamaría Castro,El Salvador,2020,
Amos Li Sheng Tan,Malaysia,2020,
Mohammed Alrefaei,Saudi Arabia,2020,
Mohamed Nguira,Tunisia,2020,
Hedi Ben Daoud,Tunisia,2020,
Joseph Grace,New Zealand,2020,
Mohammed Taariq Mowzer,South Africa,2020,
Tunan Shi,Australia,2020,
Alexandra Maria Udriștoiu,Romania,2020,
Teimurazi Toloraia,Georgia,2020,
Sungjae Im,Republic of Korea,2020,
Almog Wald,Israel,2020,
Kasra Mazaheri,Iran,2020,
Semen Savkin,Russia,2020,
Masataka Yoneda,Japan,2020,
Xinyang Chen,United States of America,2020,https://www.linkedin.com/in/xinyang-chen-1b6671231
Walden Yan,United States of America,2020,https://www.linkedin.com/in/waldenyan
Nikoloz Birkadze,Georgia,2020,
Duc Bui Hong,Vietnam,2020,
Shayan Pardis,Iran,2020,
Tadija Šebez,Serbia,2020,
Ildar Gainullin,Russia,2020,
Mingrun Jiang,China,2020,
Zhanpeng Wang,China,2020,
Yuyang Zhou,China,2020,
Yuxiang Luo,China,2020,
Eun Soo Choe,Republic of Korea,2020,
William Lin,United States of America,2020,https://www.linkedin.com/in/tmwilliamlin168
Adam Górkiewicz,Poland,2020,
Andrei Efremov,Russia,2020,
Cheng-Hao Yang,Taiwan,2020,
Maria Alexa Tudose,Romania,2020,
Temirlan Baibolov,Kazakhstan,2020,
Noam Licht,Israel,2020,
Daniel Agassy,Israel,2020,
George Chen,Canada,2020,
Mohamed Ehab,Egypt,2020,
Péter Gyimesi,Hungary,2020,
Zi Song Yeoh,Malaysia,2020,
Chen-Jui Tsao,Taiwan,2020,
Tomohito Hoshii,Japan,2020,
Mieszko Grodzicki,Poland,2020,
Michał Staniewski,Poland,2020,
Kien Vu Hoang,Vietnam,2020,
Vladyslav Zavodnyk,Ukraine,2020,
Sofiia Melnyk,Ukraine,2020,
Evangelos Pipis,Greece,2020,
Hirotaka Yoneda,Japan,2020,
Fredrik Ekholm,Sweden,2020,
Guan-Chen Chen,Taiwan,2020,
Abolfazl Soltani,Iran,2020,
Danny Mittal,United States of America,2020,https://www.linkedin.com/in/danny-mittal-b80928205
Vincent de Bakker,Germany,2019,
Gabriel Cojocaru,Moldova,2019,
Cahid Enes Keles,Türkiye,2019,
Benedict Randall Shaw,United Kingdom,2019,
Pongsaphol Pongsawakul,Thailand,2019,
Marek Skiba,Poland,2019,
Aliaksei Filinovich,Belarus,2019,
Kieran Horgan,Ireland,2019,
Alexandru Petrescu,Romania,2019,
Ryan Wang,Australia,2019,
Michal Jireš,Czech Republic,2019,
Martynas Sinkievič,Lithuania,2019,
Roee Sinai,Israel,2019,
Federico Stazi,Italy,2019,
Laura Ioana Georgescu,Romania,2019,
Tung Nguyen Minh,Vietnam,2019,
Fabrizio Brioni,Italy,2019,
Nikola Pešić,Serbia,2019,
Min-Yen Tsai,Taiwan,2019,
Toomas Tennisberg,Estonia,2019,
Olli Järviniemi,Finland,2019,
Jia Jun Lee,Malaysia,2019,
Moses Mayer,Indonesia,2019,
Hugo Eberhard,Sweden,2019,
Talantbek Zhenishbek uulu,Kyrgyzstan,2019,
Kiryl Shyrma,Belarus,2019,
Zhan Kurbanbayev,Kazakhstan,2019,
Sebastian Sánchez Lara,Mexico,2019,
Frederico Bulhões de Souza Ribeiro,Brazil,2019,
Jon-Magnus Rosenblad,Norway,2019,
Carl Westerlund,Sweden,2019,
Itay Yehuda,Israel,2019,
Jakob Nogler,Italy,2019,
Bakari Gamezardashvili,Georgia,2019,
Maxym Zub,Ukraine,2019,
Pavel Kliska,Croatia,2019,
Santeri Toivonen,Finland,2019,
Lok Kan Yuen,"Hong Kong, China",2019,
Erik Sünderhauf,Germany,2019,
Nicolas Camenisch,Switzerland,2019,
Lennart Ferlemann,Germany,2019,
Zachary Smith,United Kingdom,2019,
Muhannad Alwarawreh,Jordan,2019,
Onjo Lee,Republic of Korea,2019,
Jiaxuan Gao,China,2019,
Gyojun Youn,Republic of Korea,2019,
Batyr Sardarbekov,Kazakhstan,2019,
Aleksandr Morozov,Russia,2019,
Koichi Namekata,Japan,2019,
Arshia Soltani Moakhar,Iran,2019,
Etienne Rossignol,France,2019,
Noam Gutterman,Israel,2019,
Carlos Miguel Soto,Argentina,2019,
Seyyed Mehrshad Mirmohammadi,Iran,2019,
Yujin Im,Republic of Korea,2019,
Radoslav Dimitrov,Bulgaria,2019,
Phuc Trinh Huu Gia,Vietnam,2019,
Timmy Yao,Australia,2019,
Sebin Kim,Republic of Korea,2019,
Benjamin Qi,United States of America,2019,https://www.linkedin.com/in/bqi343
Ziqian Zhong,China,2019,
Junzhao Yang,China,2019,
Po-Hsuan Su,Taiwan,2019,
Eric Zhang,United States of America,2019,https://www.linkedin.com/in/ekzhang
Mahdi Jafari Raviz,Iran,2019,
Angus Ritossa,Australia,2019,
Arthur Léonard,France,2019,
Shih-Yu Wang,Taiwan,2019,
Eu-Shaun Leong,Singapore,2019,
Daniel Zhang,United States of America,2019,https://www.linkedin.com/in/daniel-zhang-dlz9345
Nazarii Denha,Ukraine,2019,
Abdul Malik Nurrokhman,Indonesia,2019,
Vladimir Romanov,Russia,2019,
Gediminas Lelešius,Lithuania,2019,
Michal Staník,Slovakia,2019,
Daniyar Zakarin,Kazakhstan,2019,
Ekrem Bal,Türkiye,2019,
Jeffrey Chun Hean Lee,Singapore,2019,
Ondrej Baranovič,Slovakia,2019,
R. Fausta Anugrah Dianparama,Indonesia,2019,
Alexandru Rudi,Moldova,2019,
Siarhei Protski,Belarus,2019,
Josef Minařík,Czech Republic,2019,
Bogdan Sitaru,Romania,2019,
Richard Luhtaru,Estonia,2019,
Jakub Wasilewski,Poland,2019,
Vincent Ling,Indonesia,2019,
Adhyyan Sekhsaria,India,2019,
Sanchayapol Lewgasamsarn,Thailand,2019,
Kevin Pucci,Portugal,2019,
Yasutaka Hiraki,Japan,2019,
Tautvydas Jasiūnas,Lithuania,2019,
Theodor Pierre Moroianu,Romania,2019,
Aleksandar Krastev,Bulgaria,2019,
Tamer Emad,Syria,2019,
Xiuhan Wang,China,2019,
Victor Rong,Canada,2019,
Andriy Kuts,Ukraine,2019,
Sora Todaka,Japan,2019,
Martin Melicher,Slovakia,2019,
Hugo Peyraud-Magnin,France,2019,
Martin Dinev,North Macedonia,2019,
Bo-Yen Tang,Taiwan,2019,
Bálint Molnár,Hungary,2019,
Sofus Emil Simonsen Øvretveit,Norway,2019,
Bor Grošelj Simić,Slovenia,2019,
Tarik Dzaka,Bosnia and Herzegovina,2019,
Eric Song,New Zealand,2019,
Abdullah Aljohani,Saudi Arabia,2019,
Annejan van den Dool,Netherlands,2019,
Arthur Conmy,United Kingdom,2019,
Alexander Skovsende,Denmark,2019,
Chibuoyim Faith Wilson Ogbonna,Nigeria,2019,
Nader Jemel,Tunisia,2019,
Charlie van Diepen,Netherlands,2019,
Radek Olšák,Czech Republic,2019,
Matevž Miščič,Slovenia,2019,
Eik Hvattum Røgeberg,Norway,2019,
Diego Salas,Chile,2019,
Kosta Vukicevic,Montenegro,2019,
Rafik Hachana,Tunisia,2019,
Thomas Kaar,Austria,2019,
Baha Eren Yaldiz,Türkiye,2019,
Valentin Imbach,Switzerland,2019,
Davlathoja Magzumov,Tajikistan,2019,
Aymane Lotfi,Morocco,2019,
Victor Melinceanu,Moldova,2019,
Hans Kühn,Chile,2019,
Ashan Rathnaweera,Sri Lanka,2019,
Bjarni Dagur Thor Kárason,Iceland,2019,
Darwin Piche,El Salvador,2019,
Hanka Goralija,Bosnia and Herzegovina,2019,
Samah Qarada,Palestine,2019,
Fabricio Javier Cabrera Gordillo,Bolivia,2019,
Ufedo Peter Sule Achimugu,Nigeria,2019,
Stanislas Briaud,Luxembourg,2019,
Vicent Baeza Esteve,Spain,2019,
Fatima Omarova,Azerbaijan 2,2019,
Abrar Toma,Palestine,2019,
Bazarkuly Baymuradov,Turkmenistan,2019,
Malokhatkhon Mukhammadieva,Uzbekistan,2019,
Sardorbek Sobirov,Uzbekistan,2019,
Mohamed Reda Glioula,Morocco,2019,
Li Xuan Tan,Malaysia,2019,
Anushervon Bozorov,Tajikistan,2019,
Yakup Allakov,Turkmenistan,2019,
Akmal Mamadshoev,Tajikistan,2019,
Léo Gamboa Dos Santos,Luxembourg,2019,
Laura Elena Massaccesi,Argentina,2019,
Aya Ben Saad,Tunisia,2019,
Ziyad Alomari,Saudi Arabia,2019,
Andrew Nash,Ireland,2019,
Khulegu Batnasan,Mongolia,2019,
Arturo Aurelio Hernandez Rodriguez,Dominican Republic,2019,
Ásþór Björnsson,Iceland,2019,
Martín Rodríguez Muñoz,Spain,2019,
Chamindu Abeysekera,Sri Lanka,2019,
Huseyn Hajiyev,Azerbaijan 2,2019,
Nina Mitrovic,Austria,2019,
Mahmoud Adel,Egypt,2019,
Farhad Azimov,Azerbaijan,2019,
Lautaro Lasorsa,Argentina,2019,
Håvard Rognebakke Krogstie,Norway,2019,
Miko Surara,Philippines,2019,
Kel Zin Tan,Malaysia,2019,
Diego Emir García Moreno,Mexico,2019,
Tiago Domingos Almeida Souza,Brazil,2019,
Dimitrios Rontogiannis,Greece,2019,
Aziz Huseynov,Azerbaijan 2,2019,
Vladimirs Ščigoļevs,Latvia,2019,
Tugsgerel Lkhagvasuren,Mongolia,2019,
Mauricio Cari,Chile,2019,
Ming Yean Lim,Malaysia,2019,
Behruz Azam,Uzbekistan,2019,
Andreas Kalavas,Cyprus,2019,
Davit Khvedelidze,Georgia,2019,
Mehmet Hamza Erol,Türkiye,2019,
Kevin Wan,Canada,2019,
Renāts Jurševskis,Latvia,2019,
Sebastian Weiermann,Belgium,2019,
Ralph McDougall,South Africa,2019,
Tian Cilliers,South Africa,2019,
Iat Long Iong,"Macao, China",2019,
Asadullo Ganiev,Uzbekistan,2019,
Tanapoom Laoaroon,Thailand,2019,
Luis Bahners,Germany,2019,
Angelos Assos,Cyprus,2019,
Mirbek Bakirov,Kyrgyzstan,2019,
David Nassauer,Portugal,2019,
Shenal Santhush Kotuwewatta,Sri Lanka,2019,
Hasan Khadra,Syria,2019,
Turbat Enkhbat,Mongolia,2019,
Cesar Diaz,Colombia,2019,
Fan Meng Hong,"Macao, China",2019,
Gijs Pennings,Netherlands,2019,
Robin Gugel,Austria,2019,
Amin Jalilov,Azerbaijan 2,2019,
Kai Seng Ho,"Macao, China",2019,
Pedro Lucas Lanaro Sponchiado,Brazil,2019,
Anay Karnik,India,2019,
Claudiu Babin,Moldova,2019,
Anouar Achghaf,Morocco,2019,
Tuukka Yildirim,Finland,2019,
Justas Želnia,Lithuania,2019,
Brayan Duran Medina,Cuba,2019,
Christopher Burckhardt,Switzerland,2019,
Izan Beltrán Ferreiro,Spain,2019,
Mikołaj Stępiński,Poland,2019,
Caolan Fleming,Ireland,2019,
Willem Stuijt,Chile,2018,
Mohammad Alkilani,Jordan,2018,
Zoltán Gábor Molnár-Sáska,Hungary,2018,
Tenuun Olonbaatar,Mongolia,2018,
Fabio Pruneri,Italy,2018,
Dawid Jamka,Poland,2018,
Seyed Mahdi Sadegh Shobeiri,Iran,2018,
Luca Cavalleri,Italy,2018,
Pavel Hudec,Czech Republic,2018,
Paulína Smolárová,Slovakia,2018,
Adalbert Makarovych,Ukraine,2018,
Jirayu Burapacheep,Thailand,2018,
Nurbakyt Madibek,Kazakhstan,2018,
Caner Demirer,Türkiye,2018,
Ahmad Haulian Yoga Pratama,Indonesia,2018,
Martin Širokov,Estonia,2018,
Roberts Leonārs Svarinskis,Latvia,2018,
Thanadol Chomphoochan,Thailand,2018,
Ikumi Shimizu,Japan,2018,
Arend Mellendijk,Netherlands,2018,
Costin-Andrei Oncescu,Romania,2018,
Victor Deng,France,2018,
Riku Kishida,Japan 2,2018,
Diego García Rodríguez del Campo,Mexico,2018,
Eduards Gaņkins,Latvia,2018,
Leonard Inkret,Croatia,2018,
Daniel Báez,Chile,2018,
Alexander Vidal Zhukova,Spain,2018,
Florian Jüngermann,Germany,2018,
Birk Tjelmeland,Norway,2018,
Orsolya Lili Janzer,Hungary,2018,
Sanzhar Bidaibek,Kazakhstan,2018,
Viktor Terziev,Bulgaria,2018,
Yusuf Kılıçarslan,Türkiye,2018,
Charilaos Pipis,Greece,2018,
Andrea Ciprietti,Italy,2018,
Khanh Nguyen,Vietnam,2018,
Harvey Yau,United Kingdom,2018,
Mohamad Dwik,Syria,2018,
Muhammad Salman Al Farisi,Indonesia,2018,
Gregor Kikelj,Slovenia,2018,
William Hu,United States of America,2018,https://www.linkedin.com/in/william-hu
Hoang Hai Minh Nguyen,Vietnam,2018,
Milin Kodnongbua,Thailand,2018,
Kerim Kochekov,Turkmenistan,2018,
Basim Khajwal,United Kingdom,2018,
Hua Jun Teow,Singapore,2018,
Aleksa Milisavljević,Serbia,2018,
Ernest Van Wijland,Netherlands,2018,
Rahul Arya,"Hong Kong, China",2018,
Joey Yu,Canada,2018,
Gabriel Kheng Lin Goh,Singapore,2018,
Mariusz Trela,Poland,2018,
Xuandi Ren,China,2018,
Anadi Agrawal,Poland,2018,
Daniil Smelskyi,Ukraine,2018,
Mohammad Mahdavi,Iran,2018,
Théophane Vallaeys,France,2018,
Jerry Mao,Australia,2018,
Albert Smith,Australia,2018,
Alex Tatomir,Romania,2018,
Mikhail Anoprenko,Russia,2018,
Steven Wijaya,Indonesia,2018,
Xuan Nhat Hoang,Vietnam,2018,
Andrei Nekrashevich,Belarus,2018,
Masataka Yoneda,Japan 2,2018,
Taekyu Kang,Republic of Korea,2018,
Iļja Čaikovskis,Latvia,2018,
Maolong Yang,China,2018,
Zhenting Zhu,China,2018,
Aliaksandr Kernazhytski,Belarus,2018,
Jianglun Chen,China,2018,
Wataru Inoue,Japan,2018,
Atacan İyidoğan,Türkiye,2018,
Duc Thang Pham,Vietnam,2018,
Ramazan Rakhmatullin,Russia,2018,
Younghun Roh,Republic of Korea,2018,
Spencer Compton,United States of America,2018,
Nir Shalmon,Israel,2018,
Giorgi Kldiashvili,Georgia,2018,
Mehrdad Saberi,Iran,2018,
Gabriel Simões,Brazil,2018,
Keivan Rezaei,Iran,2018,
Kuan-Yu Chen,Taiwan,2018,
Mark Karneichyk,Belarus,2018,
Juha Harviainen,Finland,2018,
Hiroaki Hosokawa,Japan,2018,
Ștefan Constantin-Buliga,Romania,2018,
Hirotaka Yoneda,Japan 2,2018,
Shaun Marshall,United Kingdom,2018,
Ava Pun,Canada,2018,
Kacper Kluk,Poland,2018,
Paula Vidas,Croatia,2018,
Tobias Schindler,Germany,2018,
Wei-Han Chen,Taiwan,2018,
Farkhod Khakimiyon,Tajikistan,2018,
David Manuel García Aguilera,Cuba,2018,
Josip Klepec,Croatia,2018,
Jacob Por Loong Teo,Singapore,2018,
Vladimir Maksimovski,North Macedonia,2018,
Attila Gáspár,Hungary,2018,
Yasutaka Hiraki,Japan 2,2018,
Pavle Martinović,Serbia,2018,
Stanislau Tsitsianok,Belarus,2018,
Björn Magnusson,Sweden,2018,
Dao-Yun Peng,Taiwan,2018,
Wai Seng Kou,"Macao, China",2018,
Nurlykhan Kairly,Kazakhstan,2018,
Stevo Mitrić,Bosnia and Herzegovina,2018,
Guohao Ou,"Macao, China",2018,
Pascal Ginter,Luxembourg,2018,
Gagik Magakyan,Armenia,2018,
Mohammad Zaid,India,2018,
Evripidis Papaevripidis,Cyprus,2018,
Felix Moreno Peñarrubia,Spain,2018,
Luis Javier Quispe Ramirez,Bolivia,2018,
Andrew James Ting,Philippines,2018,
Oisín O'Duibhir,Ireland,2018,
Rafail Saddatimov,Azerbaijan,2018,
Pablo Miguel Delgado Borda,Bolivia,2018,
Ilnur Baykov,Uzbekistan,2018,
Wei Xin Tan,Malaysia,2018,
João Araújo,Brazil,2018,
Ahmad Naser,Jordan,2018,
Karel Díaz Vergara,Cuba,2018,
Alen Adamyan,Armenia,2018,
André Guimarães,Portugal,2018,
Diogo Rodrigues,Portugal,2018,
Khusrav Ashurzoda,Tajikistan,2018,
Siiri Kuoppala,Finland,2018,
Emile Tredoux,South Africa,2018,
José Ramirez,El Salvador,2018,
Anass Choukri,Morocco,2018,
Elyon Osariemwen Nosa-Aifesehi,Nigeria,2018,
Filip Radovic,Montenegro,2018,
Hashan Rajapaksha,Sri Lanka,2018,
Bilal Elbouardi,Morocco,2018,
Fu Yu Lin,"Macao, China",2018,
Arees' Noubani,Palestine,2018,
Glory OluwaTimilehin Akinbile,Nigeria,2018,
Joel Chibueze Ndoh,Nigeria,2018,
Mohammed Natour,Palestine,2018,
Ryan King,New Zealand,2018,
Houssam Hanafi,Morocco,2018,
Elias Boschung,Switzerland,2018,
Carlos Bienvenido Ogando Montás,Dominican Republic,2018,
Manuel Vides,El Salvador,2018,
Oliver Stenberg Jakobsen,Denmark,2018,
Gamithra Marga,Iceland,2018,
Choudhury Istasis Mishra,India,2018,
Marcelo Leonardo Flores Zeballos,Bolivia,2018,
Paul Anthony Ramirez Cabrera,Dominican Republic,2018,
Shokhrukhbek Mamadaliev,Uzbekistan,2018,
Viktor Alexandrovich Rozenko Voitenko,Dominican Republic,2018,
Nicolas Galindo,Colombia,2018,
Markus Walder,Austria,2018,
Martin Kurečka,Czech Republic,2018,
Jia Qing Tan,Malaysia,2018,
Niklas Hauber,Austria,2018,
Bibin Muttappillil,Switzerland,2018,
Idan Izmirli,Israel,2018,
Erik Amirell Eklöf,Sweden,2018,
Vano Gamezardashvili,Georgia,2018,
Javier López-Contreras González,Spain,2018,
Matheus Viana,Brazil,2018,
Julián Rodríguez Cárdenas,Mexico,2018,
Janine Lohse,Germany,2018,
Ziya Mukhtarov,Azerbaijan,2018,
Batmend Batsaikhan,Mongolia,2018,
Otto Winter,Austria,2018,
Akbarzhon Madaminov,Kyrgyzstan,2018,
Ruhan Habib,Bangladesh,2018,
Dominik Fistric,Croatia,2018,
Vahan Martirosyan,Armenia,2018,
Aleksandre Khokhiashvili,Georgia,2018,
Ivan Carvalho,Brazil,2018,
Fox Thomson,United Kingdom,2018,
Urban Duh,Slovenia,2018,
CJ Quines,Philippines,2018,
Long Huen Chan,"Hong Kong, China",2018,
Reijer van Harten,Netherlands,2018,
Aleksa Milojević,Serbia,2018,
Tim Poštuvan,Slovenia,2018,
Arthur Massar,Belgium,2018,
John Ryan,Ireland,2018,
Tevž Lotrič,Slovenia,2018,
Vladan Cvjetkovic,Bosnia and Herzegovina,2018,
Ramchandra Kishor Apte,India,2018,
Ole Marius Strøhm,Norway,2018,
Robert Koprinkov,Netherlands,2018,
Mohamed Otefi,Egypt,2018,
Akram Sbaih,Palestine,2018,
Jacob Smith,Australia,2018,
Max Balsells I Pamies,Spain,2018,
Filip Mihov,North Macedonia,2018,
Corneliu Pașa,Moldova,2018,
Murhaf Alawir,Syria,2018,
Muamer Parić,Bosnia and Herzegovina,2018,
Roger Trujillo,Colombia,2018,
Bruno Ploumhans,Belgium,2018,
Drago Šmitran,Bosnia and Herzegovina,2018,
David Rasmussen Lolck,Denmark,2018,
Mahmoud Badawy,Egypt,2018,
Franz Louis Cesista,Philippines,2018,
Žiga Željko,Slovenia,2017,
Srijon Mukherjee,India,2017,
Juan Carlos Sigler Priego,Mexico,2017,
Pasapol Saowakon,Thailand,2017,
Yehezkiel Raymundo Theodoroes,Indonesia,2017,
Phawin Prongpaophan,Thailand,2017,
David Broodryk,South Africa,2017,
Neel Nanda,United Kingdom,2017,
Khazhak Galstyan,Armenia,2017,
Fedar Karabeinikau,Belarus,2017,
Euan Tebbutt,United Kingdom,2017,
Sampriti Panda,India,2017,
Nguyen Pham Cao,Vietnam,2017,
Taavet Kalda,Estonia,2017,
Illya Koval,Ukraine,2017,
Askhat Zhalgasov,Kazakhstan,2017,
Kiryl Hulin,Belarus,2017,
Peter Ralbovsky,Slovakia,2017,
Filip Vesović,Serbia,2017,
Aviel Boag,Israel,2017,
Lam Nguyen Hy Hoai,Vietnam,2017,
Sidhant Bansal,India,2017,
Dušan Živanović,Serbia,2017,
Ingus Jānis Pretkalniņš,Latvia,2017,
Tähvend Uustalu,Estonia,2017,
Mohammed Yaseen Mowzer,South Africa,2017,
Cho Hou Tang,"Macao, China",2017,
Jan Olkowski,Poland,2017,
Xing Chen Huang,Singapore,2017,
Vladimir Milenković,Serbia,2017,
Bronson Rudner,South Africa,2017,
Andrei-Costin Constantinescu,Romania,2017,
Antti Röyskö,Finland,2017,
Rogério Aristida Guimarães Junior,Brazil,2017,
Petar Nyagolov,Bulgaria,2017,
Jan Priessnitz,Czech Republic,2017,
Vilim Lendvaj,Croatia,2017,
Jakub Suchánek,Czech Republic,2017,
Samir Droubi,Syria,2017,
Duarte Nascimento,Portugal,2017,
Amangeldi Zhusubaliev,Kyrgyzstan,2017,
Azur Đonlagić,Bosnia and Herzegovina,2017,
Jubayer Rahman,Bangladesh,2017,
Lung Sin Kwee,Indonesia,2017,
Rutchathon Chairattana-apirom,Thailand,2017,
Alice Ryhl,Denmark,2017,
Momčilo Topalović,Serbia,2017,
Leo Feng,Canada,2017,
Herman Karlsson,Sweden,2017,
Bernhard Linn Hilmarsson,Iceland,2017,
Ali Shafiee,Iran 2,2017,
Jan Schär,Switzerland,2017,
Sergio Vieri,Indonesia,2017,
Denis Shpakovskii,Russia,2017,
Filip Bialas,Czech Republic,2017,
Chung-Yao Cheng,Taiwan,2017,
Pedro Henrique Sacramento de Oliveira,Brazil,2017,
Zhixian Zhong,China,2017,
Tuan Le Quang,Vietnam,2017,
Yuval Salant,Israel,2017,
Seyed Mohammad Hossein Nematollahi,Iran,2017,
Yik Chun Wong,"Hong Kong, China",2017,
David Wärn,Sweden,2017,
Arash Mahmoudian Bidgoli,Iran,2017,
Jacopo Chen,Italy,2017,
Stanisław Strzelecki,Poland,2017,
Xiao Mao,China,2017,
Ali Ahmadi,Iran 2,2017,
Brian Chau,Canada,2017,
Josip Kelava,Croatia,2017,
Encho Mishinev,Bulgaria,2017,
Farrell Eldrian Wu,Philippines,2017,
Yuta Takaya,Japan,2017,
Mingkuan Xu,China,2017,
Zhezheng Luo,United States of America,2017,https://www.linkedin.com/in/zhezheng-luo-707394231
Riku Kawasaki,Japan,2017,
Satoru Kawaharai,Japan,2017,
Joseph Benton,United Kingdom,2017,
Anton Tsypko,Ukraine,2017,
Jeyoun Si,Republic of Korea,2017,
Lukas Michel,Germany,2017,
Richard Gong,Australia,2017,
Jason Yuen,Canada,2017,
Tamio-Vesa Nakajima,Romania,2017,
Guangxuan Zhang,Singapore,2017,
Robin Christopher Yu,Philippines,2017,
Wen Yuen Pang,Singapore,2017,
Alexandra Drozdova,Russia,2017,
Keiya Sakabe,Japan,2017,
Angelos Pelecanos,Cyprus,2017,
Charles Jameson,Australia,2017,
Stanislav Tomash,Ukraine,2017,
Arun Wongprommoon,Thailand,2017,
Tsz Chun Wong,"Hong Kong, China",2017,
Ron Solan,Israel,2017,
Iman Gholami,Iran 2,2017,
Li Lim,Singapore,2017,
Jiaqi Yang,China,2017,
William Gyuho Suh,Republic of Korea,2017,
Richard Hladík,Czech Republic,2017,
Marian Dietz,Germany,2017,
Hamidreza Hedayati,Iran,2017,
Thomas Read,United Kingdom,2017,
Donghyun Kim,Republic of Korea,2017,
Péter Mernyei,Hungary,2017,
Artur Petukhouski,Belarus,2017,
Yen-Jen Wang,Taiwan,2017,
Arvid Lunnemark,Sweden,2017,
Hou Tin Chau,"Macao, China",2017,
Mohammad Saneian,Iran,2017,
Sheng-Fu Wu,Taiwan,2017,
Amir Azarmehr,Iran 2,2017,
Giannis Tyrovolas,Greece,2017,
Neringa Levinskaitė,Lithuania,2017,
Aidan Molloy,Ireland,2017,
Damika Gamlath,Sri Lanka,2017,
Pasindu Wijesena,Sri Lanka,2017,
Tobias Laundal,Norway,2017,
Hou Tam,"Macao, China",2017,
Alakbar Askarov,Azerbaijan,2017,
Farrukh Karimov,Tajikistan,2017,
Alexander Radcliffe,Luxembourg,2017,
Raitis Rūsiņš Kriķis,Latvia,2017,
José Angel Alejandro Soto,Mexico,2017,
Guilherme Penedo,Portugal,2017,
Sarah Abu Elayyan,Jordan,2017,
Diego Alejandro Angulo Ramirez,Bolivia,2017,
Kim Bryann Tuico,Philippines,2017,
Nikola Novarlić,Bosnia and Herzegovina,2017,
Temurbek Xo'jayev,Uzbekistan,2017,
Sofia Belen Lopez Vicens,Argentina,2017,
Bilel Ghorbel,Tunisia,2017,
Andrés Pérez,Colombia,2017,
Nusratulla Ne'matullayev,Uzbekistan,2017,
Moritz Stadler,Austria,2017,
Miodrag Racic,Montenegro,2017,
Samariddin Sharipov,Tajikistan,2017,
Emilio Domínguez Sánchez,Spain,2017,
Walid Aljuba,Palestine,2017,
Dimitrios Iatrakis,Greece,2017,
Mario Hernandez,El Salvador,2017,
Ahmet Öztürk,Türkiye,2017,
Marius Stensrud,Norway,2017,
Adithya Narasinghe,Sri Lanka,2017,
Ayman Boutadghhart,Morocco,2017,
Daniel Olukare,Nigeria,2017,
Osama Qawasmi,Palestine,2017,
Ronaldo Franco Jaldin,Bolivia,2017,
Nalin Bhardwaj,India,2017,
Aybala Karakaya,Türkiye,2017,
Walid Astaoui,Morocco,2017,
László Radnai,Hungary,2017,
Lkhagvasuren Zagdsuren,Mongolia,2017,
Zhi Wei Gan,Malaysia,2017,
Pietro Ehrlich,Colombia,2017,
Husayn Hasanov,Uzbekistan,2017,
Angel Gilberto Ayala Pérez,Mexico,2017,
Kai Cheong Choi,"Macao, China",2017,
Omar Abbes,Tunisia,2017,
Fedi Kallel,Tunisia,2017,
Jovidjon Mahmudov,Tajikistan,2017,
Lucas Fernan Salvador,Argentina,2017,
Abdurasul Rakhimov,Uzbekistan,2017,
Killian Dengreville,France,2017,
Adrian Beker,Croatia,2017,
Javier Oliva,Chile,2017,
Jen Khai Yew,Malaysia,2017,
Michal Sládeček,Slovakia,2017,
Nicolas Faross,Germany,2017,
Jonas Pukšta,Lithuania,2017,
Robert Hönig,Germany,2017,
Alexis Espinoza,Chile,2017,
Hamlet Mikaelyan,Armenia,2017,
Markus Krabbe Larsen,Denmark,2017,
Jordi Guillem Rodríguez Manso,Spain,2017,
Aristeidis Tziapouras,Cyprus,2017,
Rubab Redwan Syed,Bangladesh,2017,
Henrique Navas,Portugal,2017,
Dimitar Bajraktarov,North Macedonia,2017,
Ian Jérôme Boschung,Switzerland,2017,
Mahmoud Hassan,Syria,2017,
Hyunsoo Kim,Republic of Korea,2017,
Batjargal Altangerel,Mongolia,2017,
Ask Kunding,Denmark,2017,
Saba Tavdgiridze,Georgia,2017,
Zigmas Bitinas,Lithuania,2017,
Fadi Younes,Syria,2017,
Quang Nguyen Diep Xuan,Vietnam,2017,
Sacha Adrien Bartholmé,Luxembourg,2017,
Fabian Haller,Switzerland,2017,
Bilegdemberel Sumiyabayar,Mongolia,2017,
Altangerel Baatar,Mongolia,2017,
Ahmed Selmi,Tunisia,2017,
Nicolas Guasch,Argentina,2017,
Oliver Nick,Luxembourg,2017,
Mitja Žalik,Slovenia,2017,
Arsen Kasymov,Kyrgyzstan,2017,
Bolot Bekbolotov,Kyrgyzstan,2017,
Alan Marko,Slovakia,2017,
Marko Kjalasan,North Macedonia,2017,
Aleksandrs Zajakins,Latvia,2017,
Jakob Wögerbauer,Austria,2017,
Kwan Ting Chow,"Hong Kong, China",2017,
William Kondo,Brazil,2017,
Nonthakit Chaiwong,Thailand,2016,
Ilya Medyanikov,Belarus,2016,
Carlos Galeana Hernández,Mexico,2016,
Hannes Ihalainen,Finland,2016,
Jeffrey Xiao,Canada,2016,
Stacia Edina Johanna,Indonesia,2016,
Jonathan Khoo,New Zealand,2016,
José Manuel Tapia Avitia,Mexico,2016,
Oliver Nisumaa,Estonia,2016,
Carl Dybdahl,Denmark,2016,
Malvika Raj Joshi,India,2016,
Farbod Yadegarian,Canada,2016,
Florian Leimgruber,Austria,2016,
Nazarbek Altybay,Kazakhstan,2016,
Damien Galant,Belgium,2016,
Man Hou Hong,"Macao, China",2016,
Georgy Skhirtladze,Georgia,2016,
Paweł Burzyński,Poland,2016,
Álmos Zarándy,Hungary,2016,
Mihail Tarigradschi,Moldova,2016,
Askhat Sakhabiev,Russia 2,2016,
Aristofanis Rontogiannis,Greece,2016,
Félix Breton,France,2016,
Lawrence Hollom,United Kingdom,2016,
Methus Kiatchaiwat,Thailand,2016,
Jui-Nan Yen,Taiwan,2016,
Muhammad Yusuf Sholeh,Indonesia,2016,
Nikola Spasić,Serbia,2016,
Levon Muradyan,Armenia,2016,
Pietari Kaskela,Finland,2016,
Radu Alexandru Muntean,Romania,2016,
Chuanye Chen,New Zealand,2016,
Liran Markin,Israel,2016,
Belinda Shi,Australia,2016,
Azret Kenzhaliev,Kyrgyzstan,2016,
Nugzar Chkhaidze,Georgia,2016,
Marco Donadoni,Italy,2016,
Mushegh Shahinyan,Armenia,2016,
Lucca Morais de Arruda Siaudzionis,Brazil,2016,
Thomas Sepulchre,France,2016,
Shaikhitdin Nezametdinov,Kazakhstan,2016,
Ulrik De Muelenaere,South Africa,2016,
Samuel Sládek,Slovakia,2016,
Nodir Daminov,Tajikistan,2016,
Fredrik Hernqvist,Sweden,2016,
Hao-Cheng Yang,Taiwan,2016,
M. Besher Massri,Syria,2016,
Piyawat Anantakhun,Thailand,2016,
Marcel Bezdrighin,Moldova,2016,
Zuofan Wu,China,2016,
Andrei Popa,Romania,2016,
Bo-Syu Yu,Taiwan,2016,
Seungwon Shin,Republic of Korea,2016,
Aleksejs Popovs,Latvia,2016,
Dhruv Rohatgi,United States of America,2016,https://www.linkedin.com/in/dhruv-rohatgi
Lawrence Li,United States of America,2016,https://www.linkedin.com/in/lawrence-li
Kevin Sun,Canada,2016,
Minh Phan Duc Nhat,Vietnam,2016,
Filippo Gianni Baroni,Italy,2016,
AmirMohammad Dehghan,Iran,2016,
Domagoj Bradač,Croatia,2016,
Márton Erdős,Hungary,2016,
Václav Volhejn,Czech Republic,2016,
Jaehyun Koo,Republic of Korea,2016,
Hristo Venev,Bulgaria,2016,
Ce Jin,China,2016,
Vladislav Makeev,Russia,2016,
Mikhail Putilin,Russia,2016,
Takuya Inoue,Japan,2016,
Zhizhou Ren,China,2016,
Yikuan Li,Canada,2016,
Jarosław Kwiecień,Poland,2016,
Grigoriy Reznikov,Russia,2016,
Ta-Jui Ho,Taiwan,2016,
Ali Bahjati,Iran,2016,
Mateusz Radecki,Poland,2016,
Daniel Chiu,United States of America,2016,https://www.linkedin.com/in/chiud13
Daniel Peter Rutschmann,Switzerland,2016,
Phirasit Charoenchitseriwong,Thailand,2016,
Joakim Blikstad,Sweden,2016,
Kefan Dong,China,2016,
Mikhail Anoprenko,Russia 2,2016,
Clarence Xuan Da Chew,Singapore,2016,
Tomer Adar,Israel,2016,
Stefanie Zbinden,Switzerland,2016,
Denis Solonkov,Russia 2,2016,
Juliusz Pham,Poland,2016,
Nenad Bauk,Serbia,2016,
Rajat De,India,2016,
Seyed Parsa Mirtaheri,Iran,2016,
Mikhail Natalevich,Belarus,2016,
Declan McDonnell,Australia,2016,
Kalle Luopajärvi,Finland,2016,
Calvin Lee,United States of America,2016,https://www.linkedin.com/in/calvinleenyc
Stanislav Naumov,Russia,2016,
Takahiro Masuda,Japan,2016,
Phat Tran Tan,Vietnam,2016,
Alexandra Drozdova,Russia 2,2016,
Gonçalo Paredes,Portugal,2016,
Bat-Orshikh Gombojav,Mongolia,2016,
Jordi Castellví Foguet,Spain,2016,
Adem Khachnaoui,Tunisia,2016,
Eoin Davey,Ireland,2016,
Omar Muhammetkulyyev,Turkmenistan,2016,
Bor Brecelj,Slovenia,2016,
Uday Kantilal Patel,Malaysia,2016,
Gastón Gabriel Fontenla Núñez,Argentina,2016,
Nozimjon Safarov,Tajikistan,2016,
Nico Gründel,Germany,2016,
Ahmed Rekik,Tunisia,2016,
Miklós Zsigmond Horváth,Austria,2016,
Jia Jen Ng,Malaysia,2016,
Kin Long Lam,"Hong Kong, China",2016,
Johannes Heuseveldt,Netherlands,2016,
Mohamed Fadhel Omar,Tunisia,2016,
Dushan Terzikj,North Macedonia,2016,
Juan Bedoya,Colombia,2016,
Sherif Nafee,Egypt,2016,
Carlos Vinícios Ferreira Santos,Brazil,2016,
Laurens Weyn,South Africa,2016,
Nikola Stojkoski,North Macedonia,2016,
Simon Lehner-Dittenberger,Austria,2016,
Oscar Peulicke,Denmark,2016,
Ian Vincent Palabasan,Philippines,2016,
Maded III Batara,Philippines,2016,
Ruben Van Dijck,Belgium,2016,
Fahrudin Halilović,Bosnia and Herzegovina,2016,
Devanjith De Silva,Sri Lanka,2016,
Olivier Goerens,Luxembourg,2016,
Thomas Olivier Nieuwenhuis,Luxembourg,2016,
Amal Taha,Jordan,2016,
Andor Cornelis Michels,Netherlands,2016,
Maksat Orazov,Turkmenistan,2016,
Bright Dumadi Lesi,Nigeria,2016,
Suresh Michael Peiris,Sri Lanka,2016,
Tanitoluwa Olamiji Adebayo,Nigeria,2016,
Ahmed ElBatanony,Egypt,2016,
Benjamin Aguilar,Chile,2016,
Kelvin Xavier García Tiburcio,Dominican Republic,2016,
Mathias Chunnoo,Norway,2016,
Ayman Gamal,Egypt,2016,
Mohammad Abuejheisheh,Jordan,2016,
Christophe Laures,Luxembourg,2016,
Perman Atayev,Turkmenistan,2016,
Ahror Abdullayev,Uzbekistan,2016,
Thomas Lund Mathisen,Norway,2016,
Viktor Yuschuk,Germany,2016,
Jelmer Sybren Firet,Netherlands,2016,
Velibor Dosljak,Montenegro,2016,
Ankhdalai Otgonbaatar,Mongolia,2016,
Noam Ta Shma,Israel,2016,
Luka Vukelić,Serbia,2016,
Rafail Ketsetsidis,Greece,2016,
Michael José Gonzales Bardales,Dominican Republic,2016,
Filippo Quattrocchi,Italy,2016,
Bakuri Tsutskhashvili,Georgia,2016,
Emmanuil Michalainas,Greece,2016,
Román Castellarin,Argentina,2016,
Ronald Luc,Czech Republic,2016,
Branko Fulurija,Bosnia and Herzegovina,2016,
Konstantinos Agiannis,Greece,2016,
Marin Kišić,Croatia,2016,
Karl Lundstig,Sweden,2016,
Ashot Matevosyan,Armenia,2016,
Christopher Brown,New Zealand,2016,
Pascal Sommer,Switzerland,2016,
Tsz Fung Yu,"Hong Kong, China",2016,
Teofil Camarasu,Ireland,2016,
Andres Unt,Estonia,2016,
Daniel Atanasov,Bulgaria,2016,
Jordan Fernando Alexander,Mexico,2016,
Mohammad Abuaboud,Jordan,2016,
Corentin Simon,Belgium,2016,
Kristjan Kongas,Estonia,2016,
Battulga Enkhbayar,Mongolia,2016,
Daniel Tobias Johansen Langhoff,Norway,2016,
Joël Mathys,Switzerland,2016,
Rustam Aghayev,Azerbaijan,2016,
Jan Olivetti Auladell,Spain,2016,
Karen Mkrtumyan,Armenia,2016,
Matthew Hillman,United Kingdom,2016,
Miquel Ortega Sánchez Colomer,Spain,2016,
Seung Je Jung,New Zealand,2016,
Miguel Angel Ortiz Merida,Bolivia,2016,
Gianni Weinand,Argentina,2016,
Daniel Grosu,Moldova,2016,
Maximiliano Redigonda,Argentina,2016,
Mihail Denkovski,Slovenia,2016,
Herman Sletmoen,Norway,2016,
Andrius Ovsianas,Lithuania,2016,
Stefan Kurzbauer,Austria,2016,
Daniels Keziks,Latvia,2016,
Pim Spelier,Netherlands,2016,
Ernesto David Peña Herrera,Cuba,2016,
Elgun Jabrayilzade,Azerbaijan,2016,
Gustas Mockus,Lithuania,2016,
Muhammad Ayaz Dzulfikar,Indonesia,2015,
Julian Dörfler,Germany,2015,
Francesco Milizia,Italy,2015,
Gilles Englebert,Luxembourg,2015,
Alexander Tskhovrebov,Georgia,2015,
Bayram Berdiyev,Turkmenistan,2015,
Peter Ralbovsky,Austria,2015,
Michal Sládeček,Norway,2015,
Felix Bauckholt,Germany,2015,
Pavel Madaj,Slovakia,2015,
Tanay Nilesh Kothari,India,2015,
Mihael Liskij,Croatia,2015,
Jiahai Feng,Singapore,2015,
Tuukka Korhonen,Finland,2015,
Choong Yin Howe,Singapore,2015,
Peyman Jabbarzade Ganje,Iran,2015,
Akio Matsuzaki,Japan,2015,
Anan Schütt,Germany,2015,
Albert Gevorgyan,Armenia,2015,
Ilya Shevchenko,Ukraine,2015,
Gary Ye,Austria,2015,
Sami Kalliomäki,Finland,2015,
Nikola Jovanović,Serbia,2015,
Arjun Pitchanathan,India,2015,
Aleksandar Abas,Syria,2015,
Eduard Grigoryan,Armenia,2015,
Robin Visser,South Africa,2015,
Thomas Orton,South Africa,2015,
Tamás Bence Schwarcz,Hungary,2015,
Muhammed Emin Ayar,Türkiye,2015,
Fabian Lyck,Switzerland,2015,
Silap Aliyev,Turkmenistan,2015,
Jonathan Gal,Israel,2015,
Roman Kachur,Ukraine,2015,
Václav Rozhoň,Czech Republic,2015,
Aliaksei Vistiazh,Belarus,2015,
Mekhrubon Turaev,Tajikistan,2015,
Justin Lim Kai Ze,Malaysia,2015,
Yi Xiao Zhang,Canada,2015,
Yi Chou,Taiwan,2015,
Kushagra Juneja,India,2015,
Henrik Lievonen,Finland,2015,
Arthur Pratti Dadalto,Brazil,2015,
Kristaps Čivkulis,Latvia,2015,
Elene Machaidze,Georgia,2015,
Ludo Pulles,Netherlands,2015,
Daniyar Maminov,Kazakhstan,2015,
Yuhao Du,China,2015,
Mark Mikhno,Ukraine,2015,
Matvii Aslandukov,Ukraine,2015,
Rareș Darius Buhai,Romania,2015,
Hanh Van Pham,Vietnam,2015,
Hanpil Kang,Republic of Korea,2015,
Eduard Batmendijn,Slovakia,2015,
Ngan Hang Ho,"Hong Kong, China",2015,
Nikita Sazanovich,Belarus,2015,
Dimitrije Erdeljan,Serbia,2015,
Bekzhan Bekbolatuly,Kazakhstan,2015,
Meirambek Omyrzak,Kazakhstan,2015,
Muhammed İkbal Kazar,Türkiye,2015,
Po-Jui Chen,Taiwan,2015,
Po-Chang Chen,Taiwan,2015,
Mateus Bezrutchka,Brazil,2015,
Andrew He,United States of America,2015,https://www.linkedin.com/in/andrew-he
Ishraq Huda,Australia,2015,
Ali Haghani,Iran,2015,
Sunghyeon Jo,Republic of Korea,2015,
Hengjie Zhang,China,2015,
Jacob Jackson,Canada,2015,
Xiaochen Lu,China,2015,
Aleksejs Zajakins,Latvia,2015,
Alexander Wei,United States of America,2015,https://www.linkedin.com/in/ayw31
Kayacan Vesek,Türkiye,2015,
Michael Wibawa,Indonesia,2015,
Wai Pan Yik,"Hong Kong, China",2015,
Yanyi Liu,China,2015,
Abdullah Enes Öncü,Türkiye,2015,
Barbara Kuskova,Belarus,2015,
Hung-Hsun Yu,Taiwan,2015,
Tien Trung Kien Nguyen,Vietnam,2015,
Nikolai Budin,Russia,2015,
Agus Sentosa Hermawan,Indonesia,2015,
Valentin-Marius Hărșan,Romania,2015,
Yousef Ibrahim Salama,Egypt,2015,
Bui Truc Lam,Slovakia,2015,
Amir Keivan Mohtashami,Iran,2015,
Dung Viet Nguyen,Vietnam,2015,
Theemathas Chirananthavat,Thailand,2015,
Johan Sokrates Wind,Norway,2015,
Konrad Paluszek,Poland,2015,
Ivan Lazarić,Croatia,2015,
Kam Chuen Tung,"Hong Kong, China",2015,
Marko Stanković,Serbia,2015,
Demi Guo,United States of America,2015,https://www.linkedin.com/in/demi-g-9a9ab6a1
Tonko Sabolčec,Croatia,2015,
Domantas Jadenkus,Lithuania,2015,
Phoomraphee Luenam,Thailand,2015,
Michael Chen,Australia,2015,
Alexandru Velea,Romania,2015,
Maciej Hołubowicz,Poland,2015,
Przemysław Kozłowski,Poland,2015,
Mikhail Ipatov,Russia,2015,
Nir Yaron,Israel,2015,
Fábio Colaço,Portugal,2015,
José Correia,Portugal,2015,
Nouran AbdElAziz,Egypt,2015,
Valentin Plotkin,Norway,2015,
Jo Pletsch,Luxembourg,2015,
Elvir Crnčević,Bosnia and Herzegovina,2015,
Sami Bosch,Luxembourg,2015,
Ahmed Morsy,Egypt,2015,
Mudith Witharamalage,Sri Lanka,2015,
Valeriu Motroi,Moldova,2015,
Zarlyk Zhusubaliev,Kyrgyzstan,2015,
Jood Hajeer,Jordan,2015,
Aldrich Ellis Asuncion,Philippines,2015,
Mihail Chihai,Moldova,2015,
Martin Mirakyan,Armenia,2015,
Imran Hasan,Bangladesh,2015,
Dario Ostuni,Italy,2015,
Tom Jacob Smeding,Netherlands,2015,
Pui Chun Ng,"Macao, China",2015,
Håvard Terland,Norway,2015,
Robin Jadoul,Belgium,2015,
Juan Chaves,Colombia,2015,
Si Weng Lam,"Macao, China",2015,
Martin Peterlin,Slovenia,2015,
Raif Akhmedshin,Uzbekistan,2015,
Adamos Ttofari,Cyprus,2015,
Noah Donnelly,Ireland,2015,
Manuel David Sanchez Suero,Dominican Republic,2015,
David Bou,Venezuela,2015,
Kamal Eyubov,Azerbaijan,2015,
David Kaller,Venezuela,2015,
Sharif Afandi,Azerbaijan,2015,
Christian Lopez,Venezuela,2015,
Emmanuel Oriolowo Niyi,Nigeria,2015,
Fodunbosade Abisodun Ologunde,Nigeria,2015,
Victoria Tamuno-Miebaka Okumgba,Nigeria,2015,
Sami Daoud,Jordan,2015,
Satoru Diaz Nakada,Venezuela,2015,
Alejandra Martinez Jimenez,Dominican Republic,2015,
Áron Hoffmann,Ireland,2015,
Hristijan Gjorshevski,North Macedonia,2015,
Marcelo Alejandro Zeballos Guzman,Bolivia,2015,
Matthew Ryan Tan,Philippines,2015,
Nisal Periyapperuma,Sri Lanka,2015,
Kam Fai Chan,"Macao, China",2015,
Max Meijer,Netherlands,2015,
Berdimyrat Cholukov,Turkmenistan,2015,
Giorgos Gavriil,Cyprus,2015,
Kai Hsien Boo,Malaysia,2015,
Ariel Nowik,Argentina,2015,
Daniel Mulcahy,Ireland,2015,
João Lago,Portugal,2015,
Leandro Cerna,Chile,2015,
Roshnal Lihinikadu,Sri Lanka,2015,
Nicolás Mosnaim,Chile,2015,
Boris Tanchovski,North Macedonia,2015,
Rowan Lee,United Kingdom,2015,
Jan Ahmetspahić,Bosnia and Herzegovina,2015,
Byung Hoon Cho,New Zealand,2015,
Doro Umarov,Tajikistan,2015,
Joud Zouzou,Syria,2015,
Timon Stampfli,Switzerland,2015,
Angel David Ortega Ramírez,Mexico,2015,
Arnaud Robin,France,2015,
Ignas Kancleris,Lithuania,2015,
Nur Muhammad Shafiullah,Bangladesh,2015,
Kliment Serafimov,North Macedonia,2015,
Labib Md. Rashid,Bangladesh,2015,
Joan Massachs Güell,Spain,2015,
Ambrus Weisz,Hungary,2015,
Cesc Folch Aldehuelo,Spain,2015,
Kadyrbek Narmamatov,Kyrgyzstan,2015,
Murilo Corato Zanarella,Brazil,2015,
Matěj Konečný,Czech Republic,2015,
Panagiotis Kostopanagiotis,Greece,2015,
Alexander Bestard Rivera,Cuba,2015,
Kristiyan Tsaklev,Bulgaria,2015,
Dejan Todorovic,Montenegro,2015,
Philip Wellnitz,Germany,2015,
Allanur Shiriyev,Turkmenistan,2015,
Nico Ekkart,Belgium,2015,
Akjarkyn Tumurkhan,Mongolia,2015,
Andrey Li,Uzbekistan,2015,
Mohamed Moakhar,Tunisia,2015,
Hasib Al Muhaimin,Bangladesh,2015,
Nicolas Jacques Brauch,Luxembourg,2015,
Bakhoduri Sukhayli,Tajikistan,2015,
Erkin Matkaziev,Kyrgyzstan,2015,
Emilijus Stankus,Lithuania,2015,
Dalimil Hájek,Czech Republic,2015,
Simmo Saan,Estonia,2015,
Emmanuel Antonio Cuevas,Mexico,2015,
Zhenxian Yang,United Kingdom,2015,
Ahmed Bouhoula,Tunisia,2015,
Mattéo Couplet,Belgium,2015,
David Shah,United Kingdom,2015,
Sebastian Blunt,Denmark,2015,
Philip Anderson,New Zealand,2015,
Jeehak Yoon,Republic of Korea,2015,
