Name,Country,Source,Year
Guowei Xu,People's Republic of China,IPhO,2022
Mingxuan Yang,People's Republic of China,IPhO,2022
Zirui Liu,People's Republic of China,IPhO,2022
Qiancheng Li,People's Republic of China,IPhO,2022
Yuqi Ren,People's Republic of China,IPhO,2022
Rishab Parthasarathy,United States of America,IPhO,2022
Vlad-Ștefan Oros,Romania,IPhO,2022
Vadim Erin,Russia,IPhO,2022
Youngin Cho,Republic of Korea,IPhO,2022
Maksim Permiakov,Russia,IPhO,2022
Lin Yi-Ting,Taiwan,IPhO,2022
Jihoo Lee,Republic of Korea,IPhO,2022
Wei-Chen Lin,Taiwan,IPhO,2022
Seunghyeon Lee,Republic of Korea,IPhO,2022
Mehul Agarwal,United Arab Emirates,IPhO,2022
Finnley Paolella,Germany,IPhO,2022
Théo Lequy,Germany,IPhO,2022
Fredy Yip,Australia,IPhO,2022
Daniil Rynkevich,Russia,IPhO,2022
Deevyanshu Malu,India,IPhO,2022
Aleksandar Prodanov,Bulgaria,IPhO,2022
Andrei-Darius Dragomir,Romania,IPhO,2022
Guangyuan Chen,Singapore,IPhO,2022
Alex Gu,United States of America,IPhO,2022
Răzvan-Gabriel Marcu,Romania,IPhO,2022
Hoang Le Minh,Vietnam,IPhO,2022
Oleg Kalashnikov,Russia,IPhO,2022
Revital Wallach,Israel,IPhO,2022
Duong Vu Ngo Hoang,Vietnam,IPhO,2022
Daniil Shatokhin,Kazakhstan,IPhO,2022
Ilya Gladyshev,Russia,IPhO,2022
Jonathan Tjandra,Indonesia,IPhO,2022
Sarah Kuruvilla Arikupurathu,United Arab Emirates,IPhO,2022
Alexandru Momoiu,Romania,IPhO,2022
Balázs Csaba Kovács,Hungary,IPhO,2022
Jeonghun Jeong,Republic of Korea,IPhO,2022
Irakli Ugulava,Georgia,IPhO,2022
Evan Erickson,United States of America,IPhO,2022
Hai Vo Hoang,Vietnam,IPhO,2022
Anilesh Bansal,India,IPhO,2022
Man-Yin Cheung,Hong Kong,IPhO,2022
Chung-Wang Lam,Hong Kong,IPhO,2022
Yat-Long Cheng,Hong Kong,IPhO,2022
Tsz-Chun Chan,Hong Kong,IPhO,2022
Shun-Wen Lin,Taiwan,IPhO,2022
Matheus Felipe Ramos Borges,Brazil,IPhO,2022
Haru Okura,Japan,IPhO,2022
Rizabek Alpamys,Kazakhstan,IPhO,2022
Vladimir Lim,Kazakhstan,IPhO,2022
Austin Lin,Australia,IPhO,2022
George-Cristian Ardeleanu,Romania,IPhO,2022
Xiaoqing Sun,Singapore,IPhO,2022
Abhijeet Anand,India,IPhO,2022
Dheeraj Kurukunda,India,IPhO,2022
Maher Billon,France,IPhO,2022
Emir Akdağ,Türkiye,IPhO,2022
Harsh Jakhar,India,IPhO,2022
Gabriel Morais Barros,Brazil,IPhO,2022
Boonyakorn Thanpanit,Thailand,IPhO,2022
Yersultan Pitebay,Kazakhstan,IPhO,2022
Mukhammadkhuja Kamoliddinzoda,Tajikistan,IPhO,2022
Nattapol Chanpaisit,Thailand,IPhO,2022
You-Yu Yang,Taiwan,IPhO,2022
Danial Hosseintabar,Islamic Republic of Iran,IPhO,2022
Satoshi Miyake,Japan,IPhO,2022
Filip Baciak,Poland,IPhO,2022
Vladislav Morozov,Belgium,IPhO,2022
Jun Wei Tan,Singapore,IPhO,2022
Sebastián Andrés Arévalo Aguirre,El Salvador,IPhO,2022
Yun-Yen Wu,Taiwan,IPhO,2022
Josef Vácha,Czech Republic,IPhO,2022
Thitiwat Kosolpattanadurong,Thailand,IPhO,2022
Yakov Fridman,Israel,IPhO,2022
John Howard Wijaya,Indonesia,IPhO,2022
Kyungmin Song,Republic of Korea,IPhO,2022
Revi Gerner,Netherlands,IPhO,2022
Ștefan Nicov,Moldova,IPhO,2022
Chindanai Trakantannarong,Thailand,IPhO,2022
Teru Nogami,Japan,IPhO,2022
Collin Fan,United States of America,IPhO,2022
Tianxia (Thomas) Qiao,Australia,IPhO,2022
Xing Yang Shen,Singapore,IPhO,2022
Yaman Bora Otuzbir,Türkiye,IPhO,2022
Andrii Nykyforchyn,Ukraine,IPhO,2022
Mohammad Sadra Hosseini,Islamic Republic of Iran,IPhO,2022
Phatthanon Pattanakanvijit,Thailand,IPhO,2022
Francesca Di Cecio,United Kingdom,IPhO,2022
Dinmukhamed Rakhimzhanov,Kazakhstan,IPhO,2022
Phuc Nguyen Dang,Vietnam,IPhO,2022
David Michael Indraputra,Indonesia,IPhO,2022
Kehan Gao,Singapore,IPhO,2022
Berwyn Berwyn,Indonesia,IPhO,2022
Ojas Gulati,United Kingdom,IPhO,2022
Borna Perkovic,Croatia,IPhO,2022
Rowechen Zhong,United States of America,IPhO,2022
József Gurzó,Hungary,IPhO,2022
Aleš Opl,Czech Republic,IPhO,2022
Anirchuluu Otgochuluu,Mongolia,IPhO,2022
Maksim Barynin,Belarus,IPhO,2022
Justin Cahuzac,France,IPhO,2022
Peter Andolšek,Slovenia,IPhO,2022
Grigoli Tsirekidze,Georgia,IPhO,2022
Richard Ueltzen,Germany,IPhO,2022
Margulan Ismoldayev,Bulgaria,IPhO,2022
Sadeq Alabbad,Saudi Arabia,IPhO,2022
Nadav Ron - Brandwein,Israel,IPhO,2022
Florine Masson,France,IPhO,2022
Dachi Tchotashvili,Georgia,IPhO,2022
Miha Brvar,Slovenia,IPhO,2022
Stanisław Karpiejczyk,Poland,IPhO,2022
Finley Easton,United Kingdom,IPhO,2022
Marko Tsengov,Estonia,IPhO,2022
Hubert Leroux,France,IPhO,2022
Kacper Paciorek,Poland,IPhO,2022
Hieu Phung Cong,Vietnam,IPhO,2022
Areg Barseghyan,Armenia,IPhO,2022
Luka Passek-Kumericki,Croatia,IPhO,2022
Rafael Moreno Ribeiro,Brazil,IPhO,2022
Jorge Costa,Portugal,IPhO,2022
Fatmah Mohamed Saeed Hajeih Aldhanhani,United Arab Emirates,IPhO,2022
Domen Lisjak,Slovenia,IPhO,2022
Shunsuke Kita,Japan,IPhO,2022
Pavol Pivko,Slovakia,IPhO,2022
Aleksander Gaydukov,Slovenia,IPhO,2022
Lukas Tyben,Germany,IPhO,2022
Uguumur Tsagaanbayar,Mongolia,IPhO,2022
Mehmet Anıl İşkesen,Türkiye,IPhO,2022
Osman Siddique,Pakistan,IPhO,2022
András Toronyi,Hungary,IPhO,2022
Bilguun Batbayar,Mongolia,IPhO,2022
Jiří Kohl,Czech Republic,IPhO,2022
Noam Lahiani,Israel,IPhO,2022
Md. Fahim Abrar,Bangladesh,IPhO,2022
Ahmet Bahadır Trabzon,Türkiye,IPhO,2022
Chong Un Un,Macau,IPhO,2022
Victor Șotropa,Moldova,IPhO,2022
Yavor Yordanov,Bulgaria,IPhO,2022
Balázs Kertész,Hungary,IPhO,2022
Csaba Dékány,Slovakia,IPhO,2022
Kian Yau Chang,Malaysia,IPhO,2022
Golam Ishtiak,Bangladesh,IPhO,2022
Kouya Yamashita,Japan,IPhO,2022
Muhammad Bilal Asmatullah,Pakistan,IPhO,2022
Benedict Harvey,United Kingdom,IPhO,2022
Taha Alimohammadi,Islamic Republic of Iran,IPhO,2022
Radmehr Fathi,Islamic Republic of Iran,IPhO,2022
Alexandar Roussev,Bulgaria,IPhO,2022
Lorena Komocar,Croatia,IPhO,2022
Oleksandr Lazorenko,Ukraine,IPhO,2022
Lukass Roberts Kellijs,Latvia,IPhO,2022
Diana Zazubyk,Ukraine,IPhO,2022
Althaaf Syaikha Nuhaad,Indonesia,IPhO,2022
José Alberto Feijão Tizon,Brazil,IPhO,2022
Lap In Leong,Macau,IPhO,2022
Ron Levi,Israel,IPhO,2022
Artashes Mkrtchyan,Armenia,IPhO,2022
Aleksa Djordjevic,Serbia,IPhO,2022
Adam Džavoronok,Slovakia,IPhO,2022
Žan Ambrožič,Slovenia,IPhO,2022
Chi Ioi Li,Macau,IPhO,2022
Franco Mari Cabral,Philippines,IPhO,2022
Vincent Ng,Australia,IPhO,2022
Marius Frija,Moldova,IPhO,2022
Mateusz Kamiński,Poland,IPhO,2022
Fatmah Khamis Mohamed Ali Alyammahi,United Arab Emirates,IPhO,2022
Carlos Elishah Candanosa Salazar,Mexico,IPhO,2022
Lorenss Martinsons,Latvia,IPhO,2022
Marc Giroux de Foiard Brown,United Kingdom,IPhO,2022
Ammar Ali,Syria,IPhO,2022
Maivo Sirelbu,Estonia,IPhO,2022
Uladzislau Bahinsky,Belarus,IPhO,2022
David Mörtberg,Sweden,IPhO,2022
Giorgi Chkhikvadze,Georgia,IPhO,2022
Christian Vogel,Germany,IPhO,2022
Ahmed Khameis Mohamed Ahmed Alabdouli,United Arab Emirates,IPhO,2022
Lydia Colla,Australia,IPhO,2022
Hynek Jakeš,Czech Republic,IPhO,2022
Eshgin Aliyev,Azerbaijan,IPhO,2022
Yu Cheng Lim,Malaysia,IPhO,2022
Behrad Jahani,Islamic Republic of Iran,IPhO,2022
Abdurahmon Abdukhamidov,Tajikistan,IPhO,2022
Roko Supe,Croatia,IPhO,2022
Ching-Yeung Kwok,Hong Kong,IPhO,2022
Viktor Mihaylov,Bulgaria,IPhO,2022
Jawad Alsaif,Saudi Arabia,IPhO,2022
Aliaksandr Kapiartsekhau,Belarus,IPhO,2022
Sadig Sadikhzada,Azerbaijan,IPhO,2022
Zhi Zheng Ong,Malaysia,IPhO,2022
Benedek Bencz,Hungary,IPhO,2022
Timofej Mazniov,Lithuania,IPhO,2022
Lama Alahdal,Saudi Arabia,IPhO,2022
Rostislav Klimko,Belarus,IPhO,2022
Barsbold Enkhbold,Mongolia,IPhO,2022
Tolga Avkan,Türkiye,IPhO,2022
Maria Arakelyan,Armenia,IPhO,2022
Abel Ficano,Italy,IPhO,2022
Vuk Hip,Serbia,IPhO,2022
Saskia Põldmaa,Estonia,IPhO,2022
Paulius Kalinauskas,Lithuania,IPhO,2022
Emilija Nikolovska,North Macedonia,IPhO,2022
Marko Vučić,Bosnia and Herzegovina,IPhO,2022
Maryna Bohdan,Ukraine,IPhO,2022
Adrian Serrano Capatina,Switzerland,IPhO,2022
Joel Westerling,Sweden,IPhO,2022
Andria Manjavidze,Georgia,IPhO,2022
Topham Azamat,Tajikistan,IPhO,2022
Jokūbas Viršilas,Lithuania,IPhO,2022
Piotr Borodako,Poland,IPhO,2022
Erik Bryland,Sweden,IPhO,2022
Harold Scott Chua,Philippines,IPhO,2022
Toke Amandus Lund Arnfelt,Denmark,IPhO,2022
Sebastian Furlan,Italy,IPhO,2022
Kasper Svejgård Nielsen,Denmark,IPhO,2022
Luis Jost,Switzerland,IPhO,2022
Gustavo Esteche Araujo,Brazil,IPhO,2022
Johan Posselt Mikkelsen,Denmark,IPhO,2022
Alaa Hussein,Syria,IPhO,2022
Stanislavs Dubrovskis,Latvia,IPhO,2022
Aron Hardeman,Netherlands,IPhO,2022
Hussain Qadah,Saudi Arabia,IPhO,2022
Andrei Zabun,Moldova,IPhO,2022
Piranavan Subaharan,Switzerland,IPhO,2022
Riccardo Dipietro,Italy,IPhO,2022
Ammar Rajab,Syria,IPhO,2022
Alexander Remmerie,Belgium,IPhO,2022
Javohir Sultanov,Uzbekistan,IPhO,2022
Alve Lindell,Sweden,IPhO,2022
Arved Schomerus,Denmark,IPhO,2022
Miguel Angel Arbelaez Llano,Colombia,IPhO,2022
Yuna Gouin,France,IPhO,2022
Bruno Pontecorvo,Switzerland,IPhO,2022
Ander Pavlov,Estonia,IPhO,2022
Ruslan Aliqulov,Uzbekistan,IPhO,2022
Simonas Zalatorius,Lithuania,IPhO,2022
Salman Aji,Syria,IPhO,2022
Majkl Georgievski,North Macedonia,IPhO,2022
Christos Falas,Cyprus,IPhO,2022
Miguel Isaías Doradea Meléndez,El Salvador,IPhO,2022
Vyacheslav Petrosyan,Armenia,IPhO,2022
Vasileios Petros Pazas,Greece,IPhO,2022
Benedita Machado,Portugal,IPhO,2022
Yu Jie Matthew Heng,Malaysia,IPhO,2022
S.M. Abdul Fattah,Bangladesh,IPhO,2022
Yana Pihunova,Belarus,IPhO,2022
Mahmoud Airoud,Syria,IPhO,2022
Mohammed Albarakat,Saudi Arabia,IPhO,2022
Sibrand Op de Beek,Netherlands,IPhO,2022
Volodymyr Holodnik,Ukraine,IPhO,2022
Marc Arnold Küster,Luxembourg,IPhO,2022
Azizbek To`Raboyev,Uzbekistan,IPhO,2022
Dženan Midžić,Bosnia and Herzegovina,IPhO,2022
Hritik Roy Chowdhury,Denmark,IPhO,2022
Luka Carevic,Serbia,IPhO,2022
Anja Susnjar,Serbia,IPhO,2022
Olita Anastasija Zadorožnaja,Latvia,IPhO,2022
Golam Kibria Tarafder,Bangladesh,IPhO,2022
Hovsep Karapetyan,Armenia,IPhO,2022
Unurtuvshin Erdenebileg,Mongolia,IPhO,2022
Niiaz Zhusupbekov,Kyrgyzstan,IPhO,2022
Michail Ognyanov,Belgium,IPhO,2022
Matej Gelev,North Macedonia,IPhO,2022
Hugo Fernández Becerro,Spain,IPhO,2022
Keisy Nicol Ventura Gómez,El Salvador,IPhO,2022
Rafsan Habibullayev,Azerbaijan,IPhO,2022
Meshkat Alam,Bangladesh,IPhO,2022
Elias Koschier,Austria,IPhO,2022
Muhamed Numanović,Bosnia and Herzegovina,IPhO,2022
Muhammad Sabeer Asad,Pakistan,IPhO,2022
Isak Fleig,Sweden,IPhO,2022
Saúl Eduardo Pérez Herrera,Mexico,IPhO,2022
Nikolaos Athanasopoulos,Greece,IPhO,2022
Einar Andri Víðisson,Iceland,IPhO,2022
Simone Gallo,Italy,IPhO,2022
Thibault Brackenier,Belgium,IPhO,2022
Roberts Darkevics,Latvia,IPhO,2022
Hallgrímur Haraldsson,Iceland,IPhO,2022
Marten Rannut,Estonia,IPhO,2022
Marcos Bautista Sánchez,Spain,IPhO,2022
Chin Chon Li,Macau,IPhO,2022
Vadim Ionaș,Moldova,IPhO,2022
Matej Zigo,Slovakia,IPhO,2022
Egill Grétar Andrason,Iceland,IPhO,2022
Chon Long Chan,Macau,IPhO,2022
Abdukomil Itolmasov,Uzbekistan,IPhO,2022
Haolei Zhang,Austria,IPhO,2022
Simon Marcher,Austria,IPhO,2022
Afonso Bandeira,Portugal,IPhO,2022
Jinghao Ye,Portugal,IPhO,2022
José Silva,Portugal,IPhO,2022
Ibrohim Saidov,Tajikistan,IPhO,2022
Lorenzo Arienti,Italy,IPhO,2022
Lila Galland,Belgium,IPhO,2022
Adriano Mejía Medina,Mexico,IPhO,2022
Jai Lorton Spencer,Luxembourg,IPhO,2022
Alexandros Tsoulias,Greece,IPhO,2022
Gorazd Blazheski,North Macedonia,IPhO,2022
Jeramy Kop,Netherlands,IPhO,2022
Giorgos Zevedeos,Cyprus,IPhO,2022
Sergio Soto Laso,Spain,IPhO,2022
Kristín Ingibjörg Magnúsdóttir,Iceland,IPhO,2022
Madinabonu Khasanjonova,Uzbekistan,IPhO,2022
Juan Esteban Carlier Blanco,Colombia,IPhO,2022
